1     	53	5.1	mu	centos	libvirt-python	1.2.5-2.mira2	libvirt-python-1.2.5-2.mira2.x86_64.rpm
2     	53	5.1	mu	ubuntu	python-libvirt	1.2.2-ubuntu1	python-libvirt_1.2.2-ubuntu1_amd64.deb
3     	71	5.1	mu	ubuntu	cinder-api	2014.1.1-fuel5.1~mira19	cinder-api_2014.1.1-fuel5.1~mira19_all.deb
4     	71	5.1	mu	ubuntu	cinder-backup	2014.1.1-fuel5.1~mira19	cinder-backup_2014.1.1-fuel5.1~mira19_all.deb
5     	71	5.1	mu	ubuntu	cinder-common	2014.1.1-fuel5.1~mira19	cinder-common_2014.1.1-fuel5.1~mira19_all.deb
6     	71	5.1	mu	ubuntu	cinder-scheduler	2014.1.1-fuel5.1~mira19	cinder-scheduler_2014.1.1-fuel5.1~mira19_all.deb
7     	71	5.1	mu	ubuntu	cinder-volume	2014.1.1-fuel5.1~mira19	cinder-volume_2014.1.1-fuel5.1~mira19_all.deb
8     	71	5.1	mu	centos	libvirt-python	1.2.5-2.mira2	libvirt-python-1.2.5-2.mira2.x86_64.rpm
9     	71	5.1	mu	centos	openstack-cinder	2014.1.1-fuel5.1.mira11	openstack-cinder-2014.1.1-fuel5.1.mira11.noarch.rpm
10    	71	5.1	mu	centos	openstack-cinder-doc	2014.1.1-fuel5.1.mira11	openstack-cinder-doc-2014.1.1-fuel5.1.mira11.noarch.rpm
11    	71	5.1	mu	centos	python-cinder	2014.1.1-fuel5.1.mira11	python-cinder-2014.1.1-fuel5.1.mira11.noarch.rpm
12    	71	5.1	mu	ubuntu	python-cinder	2014.1.1-fuel5.1~mira19	python-cinder_2014.1.1-fuel5.1~mira19_all.deb
13    	71	5.1	mu	ubuntu	python-libvirt	1.2.2-ubuntu1	python-libvirt_1.2.2-ubuntu1_amd64.deb
14    	74	5.1	mu	ubuntu	lshell	0.9.16-1	lshell_0.9.16-1_all.deb
15    	74	5.1	mu	centos	lshell	0.9.16-4.mira1	lshell-0.9.16-4.mira1.noarch.rpm
16    	76	5.1	mu	ubuntu	openstack-dashboard	2014.1.1-fuel5.1~mira11	openstack-dashboard_2014.1.1-fuel5.1~mira11_all.deb
17    	76	5.1	mu	centos	openstack-dashboard	2014.1.1-fuel5.1.mira4	openstack-dashboard-2014.1.1-fuel5.1.mira4.noarch.rpm
18    	76	5.1	mu	centos	openstack-dashboard-theme	2014.1.1-fuel5.1.mira4	openstack-dashboard-theme-2014.1.1-fuel5.1.mira4.noarch.rpm
19    	76	5.1	mu	ubuntu	openstack-dashboard-ubuntu-theme	2014.1.1-fuel5.1~mira11	openstack-dashboard-ubuntu-theme_2014.1.1-fuel5.1~mira11_all.deb
20    	76	5.1	mu	ubuntu	python-django-horizon	2014.1.1-fuel5.1~mira11	python-django-horizon_2014.1.1-fuel5.1~mira11_all.deb
21    	76	5.1	mu	centos	python-django-horizon	2014.1.1-fuel5.1.mira4	python-django-horizon-2014.1.1-fuel5.1.mira4.noarch.rpm
22    	76	5.1	mu	centos	python-django-horizon-doc	2014.1.1-fuel5.1.mira4	python-django-horizon-doc-2014.1.1-fuel5.1.mira4.noarch.rpm
23    	76	5.1	mu	ubuntu	python-django-openstack	2014.1.1-fuel5.1~mira11	python-django-openstack_2014.1.1-fuel5.1~mira11_all.deb
24    	78	5.1	mu	ubuntu	glance	2014.1.1-fuel5.1~mira12	glance_2014.1.1-fuel5.1~mira12_all.deb
25    	78	5.1	mu	ubuntu	glance-api	2014.1.1-fuel5.1~mira12	glance-api_2014.1.1-fuel5.1~mira12_all.deb
26    	78	5.1	mu	ubuntu	glance-common	2014.1.1-fuel5.1~mira12	glance-common_2014.1.1-fuel5.1~mira12_all.deb
27    	78	5.1	mu	ubuntu	glance-registry	2014.1.1-fuel5.1~mira12	glance-registry_2014.1.1-fuel5.1~mira12_all.deb
28    	78	5.1	mu	centos	openstack-glance	2014.1.1-fuel5.1.mira5	openstack-glance-2014.1.1-fuel5.1.mira5.noarch.rpm
29    	78	5.1	mu	centos	openstack-glance-doc	2014.1.1-fuel5.1.mira5	openstack-glance-doc-2014.1.1-fuel5.1.mira5.noarch.rpm
30    	78	5.1	mu	ubuntu	python-glance	2014.1.1-fuel5.1~mira12	python-glance_2014.1.1-fuel5.1~mira12_all.deb
31    	78	5.1	mu	centos	python-glance	2014.1.1-fuel5.1.mira5	python-glance-2014.1.1-fuel5.1.mira5.noarch.rpm
32    	78	5.1	mu	ubuntu	python-glance-doc	2014.1.1-fuel5.1~mira12	python-glance-doc_2014.1.1-fuel5.1~mira12_all.deb
33    	80	5.1	mu	ubuntu	heat-api	2014.1.1-fuel5.1~mira15	heat-api_2014.1.1-fuel5.1~mira15_all.deb
34    	80	5.1	mu	ubuntu	heat-api-cfn	2014.1.1-fuel5.1~mira15	heat-api-cfn_2014.1.1-fuel5.1~mira15_all.deb
35    	80	5.1	mu	ubuntu	heat-api-cloudwatch	2014.1.1-fuel5.1~mira15	heat-api-cloudwatch_2014.1.1-fuel5.1~mira15_all.deb
36    	80	5.1	mu	ubuntu	heat-common	2014.1.1-fuel5.1~mira15	heat-common_2014.1.1-fuel5.1~mira15_all.deb
37    	80	5.1	mu	ubuntu	heat-engine	2014.1.1-fuel5.1~mira15	heat-engine_2014.1.1-fuel5.1~mira15_all.deb
38    	80	5.1	mu	centos	openstack-heat-api	2014.1.1-fuel5.1.mira8	openstack-heat-api-2014.1.1-fuel5.1.mira8.noarch.rpm
39    	80	5.1	mu	centos	openstack-heat-api-cfn	2014.1.1-fuel5.1.mira8	openstack-heat-api-cfn-2014.1.1-fuel5.1.mira8.noarch.rpm
40    	80	5.1	mu	centos	openstack-heat-api-cloudwatch	2014.1.1-fuel5.1.mira8	openstack-heat-api-cloudwatch-2014.1.1-fuel5.1.mira8.noarch.rpm
41    	80	5.1	mu	centos	openstack-heat-common	2014.1.1-fuel5.1.mira8	openstack-heat-common-2014.1.1-fuel5.1.mira8.noarch.rpm
42    	80	5.1	mu	centos	openstack-heat-engine	2014.1.1-fuel5.1.mira8	openstack-heat-engine-2014.1.1-fuel5.1.mira8.noarch.rpm
43    	80	5.1	mu	ubuntu	python-heat	2014.1.1-fuel5.1~mira15	python-heat_2014.1.1-fuel5.1~mira15_all.deb
44    	82	5.1	mu	ubuntu	keystone	2014.1.1-fuel5.1~mira11	keystone_2014.1.1-fuel5.1~mira11_all.deb
45    	82	5.1	mu	ubuntu	keystone-doc	2014.1.1-fuel5.1~mira11	keystone-doc_2014.1.1-fuel5.1~mira11_all.deb
46    	82	5.1	mu	centos	openstack-keystone	2014.1.1-fuel5.1.mira7	openstack-keystone-2014.1.1-fuel5.1.mira7.noarch.rpm
47    	82	5.1	mu	centos	openstack-keystone-doc	2014.1.1-fuel5.1.mira7	openstack-keystone-doc-2014.1.1-fuel5.1.mira7.noarch.rpm
48    	82	5.1	mu	ubuntu	python-keystone	2014.1.1-fuel5.1~mira11	python-keystone_2014.1.1-fuel5.1~mira11_all.deb
49    	82	5.1	mu	centos	python-keystone	2014.1.1-fuel5.1.mira7	python-keystone-2014.1.1-fuel5.1.mira7.noarch.rpm
50    	84	5.1	mu	ubuntu	nova-ajax-console-proxy	2014.1.1-fuel5.1~mira28	nova-ajax-console-proxy_2014.1.1-fuel5.1~mira28_all.deb
51    	84	5.1	mu	ubuntu	nova-api	2014.1.1-fuel5.1~mira28	nova-api_2014.1.1-fuel5.1~mira28_all.deb
52    	84	5.1	mu	ubuntu	nova-api-ec2	2014.1.1-fuel5.1~mira28	nova-api-ec2_2014.1.1-fuel5.1~mira28_all.deb
53    	84	5.1	mu	ubuntu	nova-api-metadata	2014.1.1-fuel5.1~mira28	nova-api-metadata_2014.1.1-fuel5.1~mira28_all.deb
54    	84	5.1	mu	ubuntu	nova-api-os-compute	2014.1.1-fuel5.1~mira28	nova-api-os-compute_2014.1.1-fuel5.1~mira28_all.deb
55    	84	5.1	mu	ubuntu	nova-api-os-volume	2014.1.1-fuel5.1~mira28	nova-api-os-volume_2014.1.1-fuel5.1~mira28_all.deb
56    	84	5.1	mu	ubuntu	nova-baremetal	2014.1.1-fuel5.1~mira28	nova-baremetal_2014.1.1-fuel5.1~mira28_all.deb
57    	84	5.1	mu	ubuntu	nova-cells	2014.1.1-fuel5.1~mira28	nova-cells_2014.1.1-fuel5.1~mira28_all.deb
58    	84	5.1	mu	ubuntu	nova-cert	2014.1.1-fuel5.1~mira28	nova-cert_2014.1.1-fuel5.1~mira28_all.deb
59    	84	5.1	mu	ubuntu	nova-common	2014.1.1-fuel5.1~mira28	nova-common_2014.1.1-fuel5.1~mira28_all.deb
60    	84	5.1	mu	ubuntu	nova-compute	2014.1.1-fuel5.1~mira28	nova-compute_2014.1.1-fuel5.1~mira28_all.deb
61    	84	5.1	mu	ubuntu	nova-compute-kvm	2014.1.1-fuel5.1~mira28	nova-compute-kvm_2014.1.1-fuel5.1~mira28_all.deb
62    	84	5.1	mu	ubuntu	nova-compute-libvirt	2014.1.1-fuel5.1~mira28	nova-compute-libvirt_2014.1.1-fuel5.1~mira28_all.deb
63    	84	5.1	mu	ubuntu	nova-compute-lxc	2014.1.1-fuel5.1~mira28	nova-compute-lxc_2014.1.1-fuel5.1~mira28_all.deb
64    	84	5.1	mu	ubuntu	nova-compute-qemu	2014.1.1-fuel5.1~mira28	nova-compute-qemu_2014.1.1-fuel5.1~mira28_all.deb
65    	84	5.1	mu	ubuntu	nova-compute-vmware	2014.1.1-fuel5.1~mira28	nova-compute-vmware_2014.1.1-fuel5.1~mira28_all.deb
66    	84	5.1	mu	ubuntu	nova-compute-xen	2014.1.1-fuel5.1~mira28	nova-compute-xen_2014.1.1-fuel5.1~mira28_all.deb
67    	84	5.1	mu	ubuntu	nova-conductor	2014.1.1-fuel5.1~mira28	nova-conductor_2014.1.1-fuel5.1~mira28_all.deb
68    	84	5.1	mu	ubuntu	nova-console	2014.1.1-fuel5.1~mira28	nova-console_2014.1.1-fuel5.1~mira28_all.deb
69    	84	5.1	mu	ubuntu	nova-consoleauth	2014.1.1-fuel5.1~mira28	nova-consoleauth_2014.1.1-fuel5.1~mira28_all.deb
70    	84	5.1	mu	ubuntu	nova-doc	2014.1.1-fuel5.1~mira28	nova-doc_2014.1.1-fuel5.1~mira28_all.deb
71    	84	5.1	mu	ubuntu	nova-network	2014.1.1-fuel5.1~mira28	nova-network_2014.1.1-fuel5.1~mira28_all.deb
72    	84	5.1	mu	ubuntu	nova-novncproxy	2014.1.1-fuel5.1~mira28	nova-novncproxy_2014.1.1-fuel5.1~mira28_all.deb
73    	84	5.1	mu	ubuntu	nova-objectstore	2014.1.1-fuel5.1~mira28	nova-objectstore_2014.1.1-fuel5.1~mira28_all.deb
74    	84	5.1	mu	ubuntu	nova-scheduler	2014.1.1-fuel5.1~mira28	nova-scheduler_2014.1.1-fuel5.1~mira28_all.deb
75    	84	5.1	mu	ubuntu	nova-spiceproxy	2014.1.1-fuel5.1~mira28	nova-spiceproxy_2014.1.1-fuel5.1~mira28_all.deb
76    	84	5.1	mu	ubuntu	nova-volume	2014.1.1-fuel5.1~mira28	nova-volume_2014.1.1-fuel5.1~mira28_all.deb
77    	84	5.1	mu	ubuntu	nova-xvpvncproxy	2014.1.1-fuel5.1~mira28	nova-xvpvncproxy_2014.1.1-fuel5.1~mira28_all.deb
78    	84	5.1	mu	centos	openstack-nova	2014.1.1-fuel5.1.mira14	openstack-nova-2014.1.1-fuel5.1.mira14.noarch.rpm
79    	84	5.1	mu	centos	openstack-nova-api	2014.1.1-fuel5.1.mira14	openstack-nova-api-2014.1.1-fuel5.1.mira14.noarch.rpm
80    	84	5.1	mu	centos	openstack-nova-cells	2014.1.1-fuel5.1.mira14	openstack-nova-cells-2014.1.1-fuel5.1.mira14.noarch.rpm
81    	84	5.1	mu	centos	openstack-nova-cert	2014.1.1-fuel5.1.mira14	openstack-nova-cert-2014.1.1-fuel5.1.mira14.noarch.rpm
82    	84	5.1	mu	centos	openstack-nova-common	2014.1.1-fuel5.1.mira14	openstack-nova-common-2014.1.1-fuel5.1.mira14.noarch.rpm
83    	84	5.1	mu	centos	openstack-nova-compute	2014.1.1-fuel5.1.mira14	openstack-nova-compute-2014.1.1-fuel5.1.mira14.noarch.rpm
84    	84	5.1	mu	centos	openstack-nova-conductor	2014.1.1-fuel5.1.mira14	openstack-nova-conductor-2014.1.1-fuel5.1.mira14.noarch.rpm
85    	84	5.1	mu	centos	openstack-nova-console	2014.1.1-fuel5.1.mira14	openstack-nova-console-2014.1.1-fuel5.1.mira14.noarch.rpm
86    	84	5.1	mu	centos	openstack-nova-doc	2014.1.1-fuel5.1.mira14	openstack-nova-doc-2014.1.1-fuel5.1.mira14.noarch.rpm
87    	84	5.1	mu	centos	openstack-nova-network	2014.1.1-fuel5.1.mira14	openstack-nova-network-2014.1.1-fuel5.1.mira14.noarch.rpm
88    	84	5.1	mu	centos	openstack-nova-novncproxy	2014.1.1-fuel5.1.mira14	openstack-nova-novncproxy-2014.1.1-fuel5.1.mira14.noarch.rpm
89    	84	5.1	mu	centos	openstack-nova-objectstore	2014.1.1-fuel5.1.mira14	openstack-nova-objectstore-2014.1.1-fuel5.1.mira14.noarch.rpm
90    	84	5.1	mu	centos	openstack-nova-scheduler	2014.1.1-fuel5.1.mira14	openstack-nova-scheduler-2014.1.1-fuel5.1.mira14.noarch.rpm
91    	84	5.1	mu	centos	python-nova	2014.1.1-fuel5.1.mira14	python-nova-2014.1.1-fuel5.1.mira14.noarch.rpm
92    	84	5.1	mu	ubuntu	python-nova	2014.1.1-fuel5.1~mira28	python-nova_2014.1.1-fuel5.1~mira28_all.deb
93    	87	5.1	mu	centos	openstack-swift	1.13.1-fuel5.1.mira5	openstack-swift-1.13.1-fuel5.1.mira5.noarch.rpm
94    	87	5.1	mu	centos	openstack-swift-account	1.13.1-fuel5.1.mira5	openstack-swift-account-1.13.1-fuel5.1.mira5.noarch.rpm
95    	87	5.1	mu	centos	openstack-swift-container	1.13.1-fuel5.1.mira5	openstack-swift-container-1.13.1-fuel5.1.mira5.noarch.rpm
96    	87	5.1	mu	centos	openstack-swift-doc	1.13.1-fuel5.1.mira5	openstack-swift-doc-1.13.1-fuel5.1.mira5.noarch.rpm
97    	87	5.1	mu	centos	openstack-swift-object	1.13.1-fuel5.1.mira5	openstack-swift-object-1.13.1-fuel5.1.mira5.noarch.rpm
98    	87	5.1	mu	centos	openstack-swift-proxy	1.13.1-fuel5.1.mira5	openstack-swift-proxy-1.13.1-fuel5.1.mira5.noarch.rpm
99    	87	5.1	mu	ubuntu	python-swift	1.13.1-fuel5.1~mira9	python-swift_1.13.1-fuel5.1~mira9_all.deb
100   	87	5.1	mu	ubuntu	swift	1.13.1-fuel5.1~mira9	swift_1.13.1-fuel5.1~mira9_all.deb
101   	87	5.1	mu	ubuntu	swift-account	1.13.1-fuel5.1~mira9	swift-account_1.13.1-fuel5.1~mira9_all.deb
102   	87	5.1	mu	ubuntu	swift-container	1.13.1-fuel5.1~mira9	swift-container_1.13.1-fuel5.1~mira9_all.deb
103   	87	5.1	mu	ubuntu	swift-doc	1.13.1-fuel5.1~mira9	swift-doc_1.13.1-fuel5.1~mira9_all.deb
104   	87	5.1	mu	ubuntu	swift-object	1.13.1-fuel5.1~mira9	swift-object_1.13.1-fuel5.1~mira9_all.deb
105   	87	5.1	mu	ubuntu	swift-object-expirer	1.13.1-fuel5.1~mira9	swift-object-expirer_1.13.1-fuel5.1~mira9_all.deb
106   	87	5.1	mu	ubuntu	swift-proxy	1.13.1-fuel5.1~mira9	swift-proxy_1.13.1-fuel5.1~mira9_all.deb
107   	89	5.1	mu	centos	python-oslo-messaging	1.3.0-fuel5.1.mira6	python-oslo-messaging-1.3.0-fuel5.1.mira6.noarch.rpm
108   	89	5.1	mu	ubuntu	python-oslo.messaging	1.3.0-fuel5.1~mira7	python-oslo.messaging_1.3.0-fuel5.1~mira7_all.deb
109   	89	5.1	mu	centos	python-oslo-messaging-doc	1.3.0-fuel5.1.mira6	python-oslo-messaging-doc-1.3.0-fuel5.1.mira6.noarch.rpm
