1     	126	5.1.1	mu	ubuntu	cinder-api	2014.1.3-fuel5.1.1~mira4	cinder-api_2014.1.3-fuel5.1.1~mira4_all.deb
2     	126	5.1.1	mu	ubuntu	cinder-backup	2014.1.3-fuel5.1.1~mira4	cinder-backup_2014.1.3-fuel5.1.1~mira4_all.deb
3     	126	5.1.1	mu	ubuntu	cinder-common	2014.1.3-fuel5.1.1~mira4	cinder-common_2014.1.3-fuel5.1.1~mira4_all.deb
4     	126	5.1.1	mu	ubuntu	cinder-scheduler	2014.1.3-fuel5.1.1~mira4	cinder-scheduler_2014.1.3-fuel5.1.1~mira4_all.deb
5     	126	5.1.1	mu	ubuntu	cinder-volume	2014.1.3-fuel5.1.1~mira4	cinder-volume_2014.1.3-fuel5.1.1~mira4_all.deb
6     	126	5.1.1	mu	centos	libvirt-python	1.2.5-2.mira2	libvirt-python-1.2.5-2.mira2.x86_64.rpm
7     	126	5.1.1	mu	centos	openstack-cinder	2014.1.3-fuel5.1.1.mira4	openstack-cinder-2014.1.3-fuel5.1.1.mira4.noarch.rpm
8     	126	5.1.1	mu	centos	openstack-cinder-doc	2014.1.3-fuel5.1.1.mira4	openstack-cinder-doc-2014.1.3-fuel5.1.1.mira4.noarch.rpm
9     	126	5.1.1	mu	ubuntu	openstack-dashboard	2014.1.3-fuel5.1.1~mira7	openstack-dashboard_2014.1.3-fuel5.1.1~mira7_all.deb
10    	126	5.1.1	mu	centos	openstack-dashboard	2014.1.3-fuel5.1.1.mira9	openstack-dashboard-2014.1.3-fuel5.1.1.mira9.noarch.rpm
11    	126	5.1.1	mu	centos	openstack-dashboard-theme	2014.1.3-fuel5.1.1.mira9	openstack-dashboard-theme-2014.1.3-fuel5.1.1.mira9.noarch.rpm
12    	126	5.1.1	mu	ubuntu	openstack-dashboard-ubuntu-theme	2014.1.3-fuel5.1.1~mira7	openstack-dashboard-ubuntu-theme_2014.1.3-fuel5.1.1~mira7_all.deb
13    	126	5.1.1	mu	ubuntu	python-cinder	2014.1.3-fuel5.1.1~mira4	python-cinder_2014.1.3-fuel5.1.1~mira4_all.deb
14    	126	5.1.1	mu	centos	python-cinder	2014.1.3-fuel5.1.1.mira4	python-cinder-2014.1.3-fuel5.1.1.mira4.noarch.rpm
15    	126	5.1.1	mu	ubuntu	python-django-horizon	2014.1.3-fuel5.1.1~mira7	python-django-horizon_2014.1.3-fuel5.1.1~mira7_all.deb
16    	126	5.1.1	mu	centos	python-django-horizon	2014.1.3-fuel5.1.1.mira9	python-django-horizon-2014.1.3-fuel5.1.1.mira9.noarch.rpm
17    	126	5.1.1	mu	centos	python-django-horizon-doc	2014.1.3-fuel5.1.1.mira9	python-django-horizon-doc-2014.1.3-fuel5.1.1.mira9.noarch.rpm
18    	126	5.1.1	mu	ubuntu	python-django-openstack	2014.1.3-fuel5.1.1~mira7	python-django-openstack_2014.1.3-fuel5.1.1~mira7_all.deb
19    	126	5.1.1	mu	ubuntu	python-libvirt	1.2.2-ubuntu1	python-libvirt_1.2.2-ubuntu1_amd64.deb
20    	129	5.1.1	mu	ubuntu	cinder-api	2014.1.3-fuel5.1.1~mira4	cinder-api_2014.1.3-fuel5.1.1~mira4_all.deb
21    	129	5.1.1	mu	ubuntu	cinder-backup	2014.1.3-fuel5.1.1~mira4	cinder-backup_2014.1.3-fuel5.1.1~mira4_all.deb
22    	129	5.1.1	mu	ubuntu	cinder-common	2014.1.3-fuel5.1.1~mira4	cinder-common_2014.1.3-fuel5.1.1~mira4_all.deb
23    	129	5.1.1	mu	ubuntu	cinder-scheduler	2014.1.3-fuel5.1.1~mira4	cinder-scheduler_2014.1.3-fuel5.1.1~mira4_all.deb
24    	129	5.1.1	mu	ubuntu	cinder-volume	2014.1.3-fuel5.1.1~mira4	cinder-volume_2014.1.3-fuel5.1.1~mira4_all.deb
25    	129	5.1.1	mu	ubuntu	glance	2014.1.3-fuel5.1.1~mira7	glance_2014.1.3-fuel5.1.1~mira7_all.deb
26    	129	5.1.1	mu	ubuntu	glance-api	2014.1.3-fuel5.1.1~mira7	glance-api_2014.1.3-fuel5.1.1~mira7_all.deb
27    	129	5.1.1	mu	ubuntu	glance-common	2014.1.3-fuel5.1.1~mira7	glance-common_2014.1.3-fuel5.1.1~mira7_all.deb
28    	129	5.1.1	mu	ubuntu	glance-registry	2014.1.3-fuel5.1.1~mira7	glance-registry_2014.1.3-fuel5.1.1~mira7_all.deb
29    	129	5.1.1	mu	centos	libvirt-python	1.2.5-2.mira2	libvirt-python-1.2.5-2.mira2.x86_64.rpm
30    	129	5.1.1	mu	ubuntu	lshell	0.9.16-1	lshell_0.9.16-1_all.deb
31    	129	5.1.1	mu	centos	lshell	0.9.16-4.mira1	lshell-0.9.16-4.mira1.noarch.rpm
32    	129	5.1.1	mu	centos	openstack-cinder	2014.1.3-fuel5.1.1.mira4	openstack-cinder-2014.1.3-fuel5.1.1.mira4.noarch.rpm
33    	129	5.1.1	mu	centos	openstack-cinder-doc	2014.1.3-fuel5.1.1.mira4	openstack-cinder-doc-2014.1.3-fuel5.1.1.mira4.noarch.rpm
34    	129	5.1.1	mu	centos	openstack-glance	2014.1.3-fuel5.1.1.mira8	openstack-glance-2014.1.3-fuel5.1.1.mira8.noarch.rpm
35    	129	5.1.1	mu	centos	openstack-glance-doc	2014.1.3-fuel5.1.1.mira8	openstack-glance-doc-2014.1.3-fuel5.1.1.mira8.noarch.rpm
36    	129	5.1.1	mu	ubuntu	python-cinder	2014.1.3-fuel5.1.1~mira4	python-cinder_2014.1.3-fuel5.1.1~mira4_all.deb
37    	129	5.1.1	mu	centos	python-cinder	2014.1.3-fuel5.1.1.mira4	python-cinder-2014.1.3-fuel5.1.1.mira4.noarch.rpm
38    	129	5.1.1	mu	ubuntu	python-glance	2014.1.3-fuel5.1.1~mira7	python-glance_2014.1.3-fuel5.1.1~mira7_all.deb
39    	129	5.1.1	mu	centos	python-glance	2014.1.3-fuel5.1.1.mira8	python-glance-2014.1.3-fuel5.1.1.mira8.noarch.rpm
40    	129	5.1.1	mu	ubuntu	python-glance-doc	2014.1.3-fuel5.1.1~mira7	python-glance-doc_2014.1.3-fuel5.1.1~mira7_all.deb
41    	129	5.1.1	mu	ubuntu	python-libvirt	1.2.2-ubuntu1	python-libvirt_1.2.2-ubuntu1_amd64.deb
42    	130	5.1.1	mu	ubuntu	cinder-api	2014.1.3-fuel5.1.1~mira4	cinder-api_2014.1.3-fuel5.1.1~mira4_all.deb
43    	130	5.1.1	mu	ubuntu	cinder-api	2014.1.3-fuel5.1.1~mira6	cinder-api_2014.1.3-fuel5.1.1~mira6_all.deb
44    	130	5.1.1	mu	ubuntu	cinder-backup	2014.1.3-fuel5.1.1~mira4	cinder-backup_2014.1.3-fuel5.1.1~mira4_all.deb
45    	130	5.1.1	mu	ubuntu	cinder-backup	2014.1.3-fuel5.1.1~mira6	cinder-backup_2014.1.3-fuel5.1.1~mira6_all.deb
46    	130	5.1.1	mu	ubuntu	cinder-common	2014.1.3-fuel5.1.1~mira4	cinder-common_2014.1.3-fuel5.1.1~mira4_all.deb
47    	130	5.1.1	mu	ubuntu	cinder-common	2014.1.3-fuel5.1.1~mira6	cinder-common_2014.1.3-fuel5.1.1~mira6_all.deb
48    	130	5.1.1	mu	ubuntu	cinder-scheduler	2014.1.3-fuel5.1.1~mira4	cinder-scheduler_2014.1.3-fuel5.1.1~mira4_all.deb
49    	130	5.1.1	mu	ubuntu	cinder-scheduler	2014.1.3-fuel5.1.1~mira6	cinder-scheduler_2014.1.3-fuel5.1.1~mira6_all.deb
50    	130	5.1.1	mu	ubuntu	cinder-volume	2014.1.3-fuel5.1.1~mira4	cinder-volume_2014.1.3-fuel5.1.1~mira4_all.deb
51    	130	5.1.1	mu	ubuntu	cinder-volume	2014.1.3-fuel5.1.1~mira6	cinder-volume_2014.1.3-fuel5.1.1~mira6_all.deb
52    	130	5.1.1	mu	centos	libvirt-python	1.2.5-2.mira2	libvirt-python-1.2.5-2.mira2.x86_64.rpm
53    	130	5.1.1	mu	ubuntu	lshell	0.9.16-1	lshell_0.9.16-1_all.deb
54    	130	5.1.1	mu	centos	lshell	0.9.16-4.mira1	lshell-0.9.16-4.mira1.noarch.rpm
55    	130	5.1.1	mu	centos	openstack-cinder	2014.1.3-fuel5.1.1.mira4	openstack-cinder-2014.1.3-fuel5.1.1.mira4.noarch.rpm
56    	130	5.1.1	mu	centos	openstack-cinder	2014.1.3-fuel5.1.1.mira6	openstack-cinder-2014.1.3-fuel5.1.1.mira6.noarch.rpm
57    	130	5.1.1	mu	centos	openstack-cinder-doc	2014.1.3-fuel5.1.1.mira4	openstack-cinder-doc-2014.1.3-fuel5.1.1.mira4.noarch.rpm
58    	130	5.1.1	mu	centos	openstack-cinder-doc	2014.1.3-fuel5.1.1.mira6	openstack-cinder-doc-2014.1.3-fuel5.1.1.mira6.noarch.rpm
59    	130	5.1.1	mu	ubuntu	openstack-dashboard	2014.1.3-fuel5.1.1~mira6	openstack-dashboard_2014.1.3-fuel5.1.1~mira6_all.deb
60    	130	5.1.1	mu	centos	openstack-dashboard	2014.1.3-fuel5.1.1.mira8	openstack-dashboard-2014.1.3-fuel5.1.1.mira8.noarch.rpm
61    	130	5.1.1	mu	centos	openstack-dashboard-theme	2014.1.3-fuel5.1.1.mira8	openstack-dashboard-theme-2014.1.3-fuel5.1.1.mira8.noarch.rpm
62    	130	5.1.1	mu	ubuntu	openstack-dashboard-ubuntu-theme	2014.1.3-fuel5.1.1~mira6	openstack-dashboard-ubuntu-theme_2014.1.3-fuel5.1.1~mira6_all.deb
63    	130	5.1.1	mu	ubuntu	python-cinder	2014.1.3-fuel5.1.1~mira4	python-cinder_2014.1.3-fuel5.1.1~mira4_all.deb
64    	130	5.1.1	mu	centos	python-cinder	2014.1.3-fuel5.1.1.mira4	python-cinder-2014.1.3-fuel5.1.1.mira4.noarch.rpm
65    	130	5.1.1	mu	ubuntu	python-cinder	2014.1.3-fuel5.1.1~mira6	python-cinder_2014.1.3-fuel5.1.1~mira6_all.deb
66    	130	5.1.1	mu	centos	python-cinder	2014.1.3-fuel5.1.1.mira6	python-cinder-2014.1.3-fuel5.1.1.mira6.noarch.rpm
67    	130	5.1.1	mu	ubuntu	python-django-horizon	2014.1.3-fuel5.1.1~mira6	python-django-horizon_2014.1.3-fuel5.1.1~mira6_all.deb
68    	130	5.1.1	mu	centos	python-django-horizon	2014.1.3-fuel5.1.1.mira8	python-django-horizon-2014.1.3-fuel5.1.1.mira8.noarch.rpm
69    	130	5.1.1	mu	centos	python-django-horizon-doc	2014.1.3-fuel5.1.1.mira8	python-django-horizon-doc-2014.1.3-fuel5.1.1.mira8.noarch.rpm
70    	130	5.1.1	mu	ubuntu	python-django-openstack	2014.1.3-fuel5.1.1~mira6	python-django-openstack_2014.1.3-fuel5.1.1~mira6_all.deb
71    	130	5.1.1	mu	ubuntu	python-libvirt	1.2.2-ubuntu1	python-libvirt_1.2.2-ubuntu1_amd64.deb
72    	131	5.1.1	mu	ubuntu	cinder-api	2014.1.3-fuel5.1.1~mira4	cinder-api_2014.1.3-fuel5.1.1~mira4_all.deb
73    	131	5.1.1	mu	ubuntu	cinder-backup	2014.1.3-fuel5.1.1~mira4	cinder-backup_2014.1.3-fuel5.1.1~mira4_all.deb
74    	131	5.1.1	mu	ubuntu	cinder-common	2014.1.3-fuel5.1.1~mira4	cinder-common_2014.1.3-fuel5.1.1~mira4_all.deb
75    	131	5.1.1	mu	ubuntu	cinder-scheduler	2014.1.3-fuel5.1.1~mira4	cinder-scheduler_2014.1.3-fuel5.1.1~mira4_all.deb
76    	131	5.1.1	mu	ubuntu	cinder-volume	2014.1.3-fuel5.1.1~mira4	cinder-volume_2014.1.3-fuel5.1.1~mira4_all.deb
77    	131	5.1.1	mu	ubuntu	glance	2014.1.3-fuel5.1.1~mira3	glance_2014.1.3-fuel5.1.1~mira3_all.deb
78    	131	5.1.1	mu	ubuntu	glance-api	2014.1.3-fuel5.1.1~mira3	glance-api_2014.1.3-fuel5.1.1~mira3_all.deb
79    	131	5.1.1	mu	ubuntu	glance-common	2014.1.3-fuel5.1.1~mira3	glance-common_2014.1.3-fuel5.1.1~mira3_all.deb
80    	131	5.1.1	mu	ubuntu	glance-registry	2014.1.3-fuel5.1.1~mira3	glance-registry_2014.1.3-fuel5.1.1~mira3_all.deb
81    	131	5.1.1	mu	centos	libvirt-python	1.2.5-2.mira2	libvirt-python-1.2.5-2.mira2.x86_64.rpm
82    	131	5.1.1	mu	ubuntu	lshell	0.9.16-1	lshell_0.9.16-1_all.deb
83    	131	5.1.1	mu	centos	lshell	0.9.16-4.mira1	lshell-0.9.16-4.mira1.noarch.rpm
84    	131	5.1.1	mu	centos	openstack-cinder	2014.1.3-fuel5.1.1.mira4	openstack-cinder-2014.1.3-fuel5.1.1.mira4.noarch.rpm
85    	131	5.1.1	mu	centos	openstack-cinder-doc	2014.1.3-fuel5.1.1.mira4	openstack-cinder-doc-2014.1.3-fuel5.1.1.mira4.noarch.rpm
86    	131	5.1.1	mu	ubuntu	openstack-dashboard	2014.1.3-fuel5.1.1~mira6	openstack-dashboard_2014.1.3-fuel5.1.1~mira6_all.deb
87    	131	5.1.1	mu	centos	openstack-dashboard	2014.1.3-fuel5.1.1.mira8	openstack-dashboard-2014.1.3-fuel5.1.1.mira8.noarch.rpm
88    	131	5.1.1	mu	centos	openstack-dashboard-theme	2014.1.3-fuel5.1.1.mira8	openstack-dashboard-theme-2014.1.3-fuel5.1.1.mira8.noarch.rpm
89    	131	5.1.1	mu	ubuntu	openstack-dashboard-ubuntu-theme	2014.1.3-fuel5.1.1~mira6	openstack-dashboard-ubuntu-theme_2014.1.3-fuel5.1.1~mira6_all.deb
90    	131	5.1.1	mu	centos	openstack-glance	2014.1.3-fuel5.1.1.mira5	openstack-glance-2014.1.3-fuel5.1.1.mira5.noarch.rpm
91    	131	5.1.1	mu	centos	openstack-glance-doc	2014.1.3-fuel5.1.1.mira5	openstack-glance-doc-2014.1.3-fuel5.1.1.mira5.noarch.rpm
92    	131	5.1.1	mu	centos	openstack-swift	1.13.1-fuel5.1.1.mira7	openstack-swift-1.13.1-fuel5.1.1.mira7.noarch.rpm
93    	131	5.1.1	mu	centos	openstack-swift-account	1.13.1-fuel5.1.1.mira7	openstack-swift-account-1.13.1-fuel5.1.1.mira7.noarch.rpm
94    	131	5.1.1	mu	centos	openstack-swift-container	1.13.1-fuel5.1.1.mira7	openstack-swift-container-1.13.1-fuel5.1.1.mira7.noarch.rpm
95    	131	5.1.1	mu	centos	openstack-swift-doc	1.13.1-fuel5.1.1.mira7	openstack-swift-doc-1.13.1-fuel5.1.1.mira7.noarch.rpm
96    	131	5.1.1	mu	centos	openstack-swift-object	1.13.1-fuel5.1.1.mira7	openstack-swift-object-1.13.1-fuel5.1.1.mira7.noarch.rpm
97    	131	5.1.1	mu	centos	openstack-swift-proxy	1.13.1-fuel5.1.1.mira7	openstack-swift-proxy-1.13.1-fuel5.1.1.mira7.noarch.rpm
98    	131	5.1.1	mu	ubuntu	python-cinder	2014.1.3-fuel5.1.1~mira4	python-cinder_2014.1.3-fuel5.1.1~mira4_all.deb
99    	131	5.1.1	mu	centos	python-cinder	2014.1.3-fuel5.1.1.mira4	python-cinder-2014.1.3-fuel5.1.1.mira4.noarch.rpm
100   	131	5.1.1	mu	ubuntu	python-django-horizon	2014.1.3-fuel5.1.1~mira6	python-django-horizon_2014.1.3-fuel5.1.1~mira6_all.deb
101   	131	5.1.1	mu	centos	python-django-horizon	2014.1.3-fuel5.1.1.mira8	python-django-horizon-2014.1.3-fuel5.1.1.mira8.noarch.rpm
102   	131	5.1.1	mu	centos	python-django-horizon-doc	2014.1.3-fuel5.1.1.mira8	python-django-horizon-doc-2014.1.3-fuel5.1.1.mira8.noarch.rpm
103   	131	5.1.1	mu	ubuntu	python-django-openstack	2014.1.3-fuel5.1.1~mira6	python-django-openstack_2014.1.3-fuel5.1.1~mira6_all.deb
104   	131	5.1.1	mu	ubuntu	python-glance	2014.1.3-fuel5.1.1~mira3	python-glance_2014.1.3-fuel5.1.1~mira3_all.deb
105   	131	5.1.1	mu	centos	python-glance	2014.1.3-fuel5.1.1.mira5	python-glance-2014.1.3-fuel5.1.1.mira5.noarch.rpm
106   	131	5.1.1	mu	ubuntu	python-glance-doc	2014.1.3-fuel5.1.1~mira3	python-glance-doc_2014.1.3-fuel5.1.1~mira3_all.deb
107   	131	5.1.1	mu	ubuntu	python-libvirt	1.2.2-ubuntu1	python-libvirt_1.2.2-ubuntu1_amd64.deb
108   	131	5.1.1	mu	ubuntu	python-swift	1.13.1-fuel5.1.1~mira12	python-swift_1.13.1-fuel5.1.1~mira12_all.deb
109   	131	5.1.1	mu	ubuntu	swift	1.13.1-fuel5.1.1~mira12	swift_1.13.1-fuel5.1.1~mira12_all.deb
110   	131	5.1.1	mu	ubuntu	swift-account	1.13.1-fuel5.1.1~mira12	swift-account_1.13.1-fuel5.1.1~mira12_all.deb
111   	131	5.1.1	mu	ubuntu	swift-container	1.13.1-fuel5.1.1~mira12	swift-container_1.13.1-fuel5.1.1~mira12_all.deb
112   	131	5.1.1	mu	ubuntu	swift-doc	1.13.1-fuel5.1.1~mira12	swift-doc_1.13.1-fuel5.1.1~mira12_all.deb
113   	131	5.1.1	mu	ubuntu	swift-object	1.13.1-fuel5.1.1~mira12	swift-object_1.13.1-fuel5.1.1~mira12_all.deb
114   	131	5.1.1	mu	ubuntu	swift-object-expirer	1.13.1-fuel5.1.1~mira12	swift-object-expirer_1.13.1-fuel5.1.1~mira12_all.deb
115   	131	5.1.1	mu	ubuntu	swift-proxy	1.13.1-fuel5.1.1~mira12	swift-proxy_1.13.1-fuel5.1.1~mira12_all.deb
116   	132	5.1.1	mu	ubuntu	cinder-api	2014.1.3-fuel5.1.1~mira4	cinder-api_2014.1.3-fuel5.1.1~mira4_all.deb
117   	132	5.1.1	mu	ubuntu	cinder-backup	2014.1.3-fuel5.1.1~mira4	cinder-backup_2014.1.3-fuel5.1.1~mira4_all.deb
118   	132	5.1.1	mu	ubuntu	cinder-common	2014.1.3-fuel5.1.1~mira4	cinder-common_2014.1.3-fuel5.1.1~mira4_all.deb
119   	132	5.1.1	mu	ubuntu	cinder-scheduler	2014.1.3-fuel5.1.1~mira4	cinder-scheduler_2014.1.3-fuel5.1.1~mira4_all.deb
120   	132	5.1.1	mu	ubuntu	cinder-volume	2014.1.3-fuel5.1.1~mira4	cinder-volume_2014.1.3-fuel5.1.1~mira4_all.deb
121   	132	5.1.1	mu	ubuntu	glance	2014.1.3-fuel5.1.1~mira3	glance_2014.1.3-fuel5.1.1~mira3_all.deb
122   	132	5.1.1	mu	ubuntu	glance-api	2014.1.3-fuel5.1.1~mira3	glance-api_2014.1.3-fuel5.1.1~mira3_all.deb
123   	132	5.1.1	mu	ubuntu	glance-common	2014.1.3-fuel5.1.1~mira3	glance-common_2014.1.3-fuel5.1.1~mira3_all.deb
124   	132	5.1.1	mu	ubuntu	glance-registry	2014.1.3-fuel5.1.1~mira3	glance-registry_2014.1.3-fuel5.1.1~mira3_all.deb
125   	132	5.1.1	mu	ubuntu	heat-api	2014.1.3-fuel5.1.1~mira3	heat-api_2014.1.3-fuel5.1.1~mira3_all.deb
126   	132	5.1.1	mu	ubuntu	heat-api-cfn	2014.1.3-fuel5.1.1~mira3	heat-api-cfn_2014.1.3-fuel5.1.1~mira3_all.deb
127   	132	5.1.1	mu	ubuntu	heat-api-cloudwatch	2014.1.3-fuel5.1.1~mira3	heat-api-cloudwatch_2014.1.3-fuel5.1.1~mira3_all.deb
128   	132	5.1.1	mu	ubuntu	heat-common	2014.1.3-fuel5.1.1~mira3	heat-common_2014.1.3-fuel5.1.1~mira3_all.deb
129   	132	5.1.1	mu	ubuntu	heat-engine	2014.1.3-fuel5.1.1~mira3	heat-engine_2014.1.3-fuel5.1.1~mira3_all.deb
130   	132	5.1.1	mu	ubuntu	keystone	2014.1.3-fuel5.1.1~mira6	keystone_2014.1.3-fuel5.1.1~mira6_all.deb
131   	132	5.1.1	mu	ubuntu	keystone-doc	2014.1.3-fuel5.1.1~mira6	keystone-doc_2014.1.3-fuel5.1.1~mira6_all.deb
132   	132	5.1.1	mu	centos	libvirt-python	1.2.5-2.mira2	libvirt-python-1.2.5-2.mira2.x86_64.rpm
133   	132	5.1.1	mu	ubuntu	lshell	0.9.16-1	lshell_0.9.16-1_all.deb
134   	132	5.1.1	mu	centos	lshell	0.9.16-4.mira1	lshell-0.9.16-4.mira1.noarch.rpm
135   	132	5.1.1	mu	centos	openstack-cinder	2014.1.3-fuel5.1.1.mira4	openstack-cinder-2014.1.3-fuel5.1.1.mira4.noarch.rpm
136   	132	5.1.1	mu	centos	openstack-cinder-doc	2014.1.3-fuel5.1.1.mira4	openstack-cinder-doc-2014.1.3-fuel5.1.1.mira4.noarch.rpm
137   	132	5.1.1	mu	ubuntu	openstack-dashboard	2014.1.3-fuel5.1.1~mira6	openstack-dashboard_2014.1.3-fuel5.1.1~mira6_all.deb
138   	132	5.1.1	mu	centos	openstack-dashboard	2014.1.3-fuel5.1.1.mira8	openstack-dashboard-2014.1.3-fuel5.1.1.mira8.noarch.rpm
139   	132	5.1.1	mu	centos	openstack-dashboard-theme	2014.1.3-fuel5.1.1.mira8	openstack-dashboard-theme-2014.1.3-fuel5.1.1.mira8.noarch.rpm
140   	132	5.1.1	mu	ubuntu	openstack-dashboard-ubuntu-theme	2014.1.3-fuel5.1.1~mira6	openstack-dashboard-ubuntu-theme_2014.1.3-fuel5.1.1~mira6_all.deb
141   	132	5.1.1	mu	centos	openstack-glance	2014.1.3-fuel5.1.1.mira5	openstack-glance-2014.1.3-fuel5.1.1.mira5.noarch.rpm
142   	132	5.1.1	mu	centos	openstack-glance-doc	2014.1.3-fuel5.1.1.mira5	openstack-glance-doc-2014.1.3-fuel5.1.1.mira5.noarch.rpm
143   	132	5.1.1	mu	centos	openstack-heat-api	2014.1.3-fuel5.1.1.mira4	openstack-heat-api-2014.1.3-fuel5.1.1.mira4.noarch.rpm
144   	132	5.1.1	mu	centos	openstack-heat-api-cfn	2014.1.3-fuel5.1.1.mira4	openstack-heat-api-cfn-2014.1.3-fuel5.1.1.mira4.noarch.rpm
145   	132	5.1.1	mu	centos	openstack-heat-api-cloudwatch	2014.1.3-fuel5.1.1.mira4	openstack-heat-api-cloudwatch-2014.1.3-fuel5.1.1.mira4.noarch.rpm
146   	132	5.1.1	mu	centos	openstack-heat-common	2014.1.3-fuel5.1.1.mira4	openstack-heat-common-2014.1.3-fuel5.1.1.mira4.noarch.rpm
147   	132	5.1.1	mu	centos	openstack-heat-engine	2014.1.3-fuel5.1.1.mira4	openstack-heat-engine-2014.1.3-fuel5.1.1.mira4.noarch.rpm
148   	132	5.1.1	mu	centos	openstack-keystone	2014.1.3-fuel5.1.1.mira8	openstack-keystone-2014.1.3-fuel5.1.1.mira8.noarch.rpm
149   	132	5.1.1	mu	centos	openstack-keystone-doc	2014.1.3-fuel5.1.1.mira8	openstack-keystone-doc-2014.1.3-fuel5.1.1.mira8.noarch.rpm
150   	132	5.1.1	mu	ubuntu	python-cinder	2014.1.3-fuel5.1.1~mira4	python-cinder_2014.1.3-fuel5.1.1~mira4_all.deb
151   	132	5.1.1	mu	centos	python-cinder	2014.1.3-fuel5.1.1.mira4	python-cinder-2014.1.3-fuel5.1.1.mira4.noarch.rpm
152   	132	5.1.1	mu	ubuntu	python-django-horizon	2014.1.3-fuel5.1.1~mira6	python-django-horizon_2014.1.3-fuel5.1.1~mira6_all.deb
153   	132	5.1.1	mu	centos	python-django-horizon	2014.1.3-fuel5.1.1.mira8	python-django-horizon-2014.1.3-fuel5.1.1.mira8.noarch.rpm
154   	132	5.1.1	mu	centos	python-django-horizon-doc	2014.1.3-fuel5.1.1.mira8	python-django-horizon-doc-2014.1.3-fuel5.1.1.mira8.noarch.rpm
155   	132	5.1.1	mu	ubuntu	python-django-openstack	2014.1.3-fuel5.1.1~mira6	python-django-openstack_2014.1.3-fuel5.1.1~mira6_all.deb
156   	132	5.1.1	mu	ubuntu	python-glance	2014.1.3-fuel5.1.1~mira3	python-glance_2014.1.3-fuel5.1.1~mira3_all.deb
157   	132	5.1.1	mu	centos	python-glance	2014.1.3-fuel5.1.1.mira5	python-glance-2014.1.3-fuel5.1.1.mira5.noarch.rpm
158   	132	5.1.1	mu	ubuntu	python-glance-doc	2014.1.3-fuel5.1.1~mira3	python-glance-doc_2014.1.3-fuel5.1.1~mira3_all.deb
159   	132	5.1.1	mu	ubuntu	python-heat	2014.1.3-fuel5.1.1~mira3	python-heat_2014.1.3-fuel5.1.1~mira3_all.deb
160   	132	5.1.1	mu	ubuntu	python-keystone	2014.1.3-fuel5.1.1~mira6	python-keystone_2014.1.3-fuel5.1.1~mira6_all.deb
161   	132	5.1.1	mu	centos	python-keystone	2014.1.3-fuel5.1.1.mira8	python-keystone-2014.1.3-fuel5.1.1.mira8.noarch.rpm
162   	132	5.1.1	mu	ubuntu	python-libvirt	1.2.2-ubuntu1	python-libvirt_1.2.2-ubuntu1_amd64.deb
163   	133	5.1.1	mu	ubuntu	cinder-api	2014.1.3-fuel5.1.1~mira4	cinder-api_2014.1.3-fuel5.1.1~mira4_all.deb
164   	133	5.1.1	mu	ubuntu	cinder-backup	2014.1.3-fuel5.1.1~mira4	cinder-backup_2014.1.3-fuel5.1.1~mira4_all.deb
165   	133	5.1.1	mu	ubuntu	cinder-common	2014.1.3-fuel5.1.1~mira4	cinder-common_2014.1.3-fuel5.1.1~mira4_all.deb
166   	133	5.1.1	mu	ubuntu	cinder-scheduler	2014.1.3-fuel5.1.1~mira4	cinder-scheduler_2014.1.3-fuel5.1.1~mira4_all.deb
167   	133	5.1.1	mu	ubuntu	cinder-volume	2014.1.3-fuel5.1.1~mira4	cinder-volume_2014.1.3-fuel5.1.1~mira4_all.deb
168   	133	5.1.1	mu	ubuntu	glance	2014.1.3-fuel5.1.1~mira3	glance_2014.1.3-fuel5.1.1~mira3_all.deb
169   	133	5.1.1	mu	ubuntu	glance-api	2014.1.3-fuel5.1.1~mira3	glance-api_2014.1.3-fuel5.1.1~mira3_all.deb
170   	133	5.1.1	mu	ubuntu	glance-common	2014.1.3-fuel5.1.1~mira3	glance-common_2014.1.3-fuel5.1.1~mira3_all.deb
171   	133	5.1.1	mu	ubuntu	glance-registry	2014.1.3-fuel5.1.1~mira3	glance-registry_2014.1.3-fuel5.1.1~mira3_all.deb
172   	133	5.1.1	mu	ubuntu	heat-api	2014.1.3-fuel5.1.1~mira3	heat-api_2014.1.3-fuel5.1.1~mira3_all.deb
173   	133	5.1.1	mu	ubuntu	heat-api-cfn	2014.1.3-fuel5.1.1~mira3	heat-api-cfn_2014.1.3-fuel5.1.1~mira3_all.deb
174   	133	5.1.1	mu	ubuntu	heat-api-cloudwatch	2014.1.3-fuel5.1.1~mira3	heat-api-cloudwatch_2014.1.3-fuel5.1.1~mira3_all.deb
175   	133	5.1.1	mu	ubuntu	heat-common	2014.1.3-fuel5.1.1~mira3	heat-common_2014.1.3-fuel5.1.1~mira3_all.deb
176   	133	5.1.1	mu	ubuntu	heat-engine	2014.1.3-fuel5.1.1~mira3	heat-engine_2014.1.3-fuel5.1.1~mira3_all.deb
177   	133	5.1.1	mu	ubuntu	keystone	2014.1.3-fuel5.1.1~mira5	keystone_2014.1.3-fuel5.1.1~mira5_all.deb
178   	133	5.1.1	mu	ubuntu	keystone-doc	2014.1.3-fuel5.1.1~mira5	keystone-doc_2014.1.3-fuel5.1.1~mira5_all.deb
179   	133	5.1.1	mu	centos	libvirt-python	1.2.5-2.mira2	libvirt-python-1.2.5-2.mira2.x86_64.rpm
180   	133	5.1.1	mu	ubuntu	lshell	0.9.16-1	lshell_0.9.16-1_all.deb
181   	133	5.1.1	mu	centos	lshell	0.9.16-4.mira1	lshell-0.9.16-4.mira1.noarch.rpm
182   	133	5.1.1	mu	ubuntu	neutron-common	2014.1.3-fuel5.1.1~mira2	neutron-common_2014.1.3-fuel5.1.1~mira2_all.deb
183   	133	5.1.1	mu	ubuntu	neutron-dhcp-agent	2014.1.3-fuel5.1.1~mira2	neutron-dhcp-agent_2014.1.3-fuel5.1.1~mira2_all.deb
184   	133	5.1.1	mu	ubuntu	neutron-l3-agent	2014.1.3-fuel5.1.1~mira2	neutron-l3-agent_2014.1.3-fuel5.1.1~mira2_all.deb
185   	133	5.1.1	mu	ubuntu	neutron-lbaas-agent	2014.1.3-fuel5.1.1~mira2	neutron-lbaas-agent_2014.1.3-fuel5.1.1~mira2_all.deb
186   	133	5.1.1	mu	ubuntu	neutron-metadata-agent	2014.1.3-fuel5.1.1~mira2	neutron-metadata-agent_2014.1.3-fuel5.1.1~mira2_all.deb
187   	133	5.1.1	mu	ubuntu	neutron-metering-agent	2014.1.3-fuel5.1.1~mira2	neutron-metering-agent_2014.1.3-fuel5.1.1~mira2_all.deb
188   	133	5.1.1	mu	ubuntu	neutron-plugin-bigswitch	2014.1.3-fuel5.1.1~mira2	neutron-plugin-bigswitch_2014.1.3-fuel5.1.1~mira2_all.deb
189   	133	5.1.1	mu	ubuntu	neutron-plugin-bigswitch-agent	2014.1.3-fuel5.1.1~mira2	neutron-plugin-bigswitch-agent_2014.1.3-fuel5.1.1~mira2_all.deb
190   	133	5.1.1	mu	ubuntu	neutron-plugin-brocade	2014.1.3-fuel5.1.1~mira2	neutron-plugin-brocade_2014.1.3-fuel5.1.1~mira2_all.deb
191   	133	5.1.1	mu	ubuntu	neutron-plugin-cisco	2014.1.3-fuel5.1.1~mira2	neutron-plugin-cisco_2014.1.3-fuel5.1.1~mira2_all.deb
192   	133	5.1.1	mu	ubuntu	neutron-plugin-hyperv	2014.1.3-fuel5.1.1~mira2	neutron-plugin-hyperv_2014.1.3-fuel5.1.1~mira2_all.deb
193   	133	5.1.1	mu	ubuntu	neutron-plugin-ibm	2014.1.3-fuel5.1.1~mira2	neutron-plugin-ibm_2014.1.3-fuel5.1.1~mira2_all.deb
194   	133	5.1.1	mu	ubuntu	neutron-plugin-ibm-agent	2014.1.3-fuel5.1.1~mira2	neutron-plugin-ibm-agent_2014.1.3-fuel5.1.1~mira2_all.deb
195   	133	5.1.1	mu	ubuntu	neutron-plugin-linuxbridge	2014.1.3-fuel5.1.1~mira2	neutron-plugin-linuxbridge_2014.1.3-fuel5.1.1~mira2_all.deb
196   	133	5.1.1	mu	ubuntu	neutron-plugin-linuxbridge-agent	2014.1.3-fuel5.1.1~mira2	neutron-plugin-linuxbridge-agent_2014.1.3-fuel5.1.1~mira2_all.deb
197   	133	5.1.1	mu	ubuntu	neutron-plugin-metaplugin	2014.1.3-fuel5.1.1~mira2	neutron-plugin-metaplugin_2014.1.3-fuel5.1.1~mira2_all.deb
198   	133	5.1.1	mu	ubuntu	neutron-plugin-metering-agent	2014.1.3-fuel5.1.1~mira2	neutron-plugin-metering-agent_2014.1.3-fuel5.1.1~mira2_all.deb
199   	133	5.1.1	mu	ubuntu	neutron-plugin-midonet	2014.1.3-fuel5.1.1~mira2	neutron-plugin-midonet_2014.1.3-fuel5.1.1~mira2_all.deb
200   	133	5.1.1	mu	ubuntu	neutron-plugin-ml2	2014.1.3-fuel5.1.1~mira2	neutron-plugin-ml2_2014.1.3-fuel5.1.1~mira2_all.deb
201   	133	5.1.1	mu	ubuntu	neutron-plugin-mlnx	2014.1.3-fuel5.1.1~mira2	neutron-plugin-mlnx_2014.1.3-fuel5.1.1~mira2_all.deb
202   	133	5.1.1	mu	ubuntu	neutron-plugin-mlnx-agent	2014.1.3-fuel5.1.1~mira2	neutron-plugin-mlnx-agent_2014.1.3-fuel5.1.1~mira2_all.deb
203   	133	5.1.1	mu	ubuntu	neutron-plugin-nec	2014.1.3-fuel5.1.1~mira2	neutron-plugin-nec_2014.1.3-fuel5.1.1~mira2_all.deb
204   	133	5.1.1	mu	ubuntu	neutron-plugin-nec-agent	2014.1.3-fuel5.1.1~mira2	neutron-plugin-nec-agent_2014.1.3-fuel5.1.1~mira2_all.deb
205   	133	5.1.1	mu	ubuntu	neutron-plugin-nicira	2014.1.3-fuel5.1.1~mira2	neutron-plugin-nicira_2014.1.3-fuel5.1.1~mira2_all.deb
206   	133	5.1.1	mu	ubuntu	neutron-plugin-oneconvergence	2014.1.3-fuel5.1.1~mira2	neutron-plugin-oneconvergence_2014.1.3-fuel5.1.1~mira2_all.deb
207   	133	5.1.1	mu	ubuntu	neutron-plugin-oneconvergence-agent	2014.1.3-fuel5.1.1~mira2	neutron-plugin-oneconvergence-agent_2014.1.3-fuel5.1.1~mira2_all.deb
208   	133	5.1.1	mu	ubuntu	neutron-plugin-openflow-agent	2014.1.3-fuel5.1.1~mira2	neutron-plugin-openflow-agent_2014.1.3-fuel5.1.1~mira2_all.deb
209   	133	5.1.1	mu	ubuntu	neutron-plugin-openvswitch	2014.1.3-fuel5.1.1~mira2	neutron-plugin-openvswitch_2014.1.3-fuel5.1.1~mira2_all.deb
210   	133	5.1.1	mu	ubuntu	neutron-plugin-openvswitch-agent	2014.1.3-fuel5.1.1~mira2	neutron-plugin-openvswitch-agent_2014.1.3-fuel5.1.1~mira2_all.deb
211   	133	5.1.1	mu	ubuntu	neutron-plugin-plumgrid	2014.1.3-fuel5.1.1~mira2	neutron-plugin-plumgrid_2014.1.3-fuel5.1.1~mira2_all.deb
212   	133	5.1.1	mu	ubuntu	neutron-plugin-ryu	2014.1.3-fuel5.1.1~mira2	neutron-plugin-ryu_2014.1.3-fuel5.1.1~mira2_all.deb
213   	133	5.1.1	mu	ubuntu	neutron-plugin-ryu-agent	2014.1.3-fuel5.1.1~mira2	neutron-plugin-ryu-agent_2014.1.3-fuel5.1.1~mira2_all.deb
214   	133	5.1.1	mu	ubuntu	neutron-plugin-vmware	2014.1.3-fuel5.1.1~mira2	neutron-plugin-vmware_2014.1.3-fuel5.1.1~mira2_all.deb
215   	133	5.1.1	mu	ubuntu	neutron-plugin-vpn-agent	2014.1.3-fuel5.1.1~mira2	neutron-plugin-vpn-agent_2014.1.3-fuel5.1.1~mira2_all.deb
216   	133	5.1.1	mu	ubuntu	neutron-server	2014.1.3-fuel5.1.1~mira2	neutron-server_2014.1.3-fuel5.1.1~mira2_all.deb
217   	133	5.1.1	mu	ubuntu	neutron-vpn-agent	2014.1.3-fuel5.1.1~mira2	neutron-vpn-agent_2014.1.3-fuel5.1.1~mira2_all.deb
218   	133	5.1.1	mu	centos	openstack-cinder	2014.1.3-fuel5.1.1.mira4	openstack-cinder-2014.1.3-fuel5.1.1.mira4.noarch.rpm
219   	133	5.1.1	mu	centos	openstack-cinder-doc	2014.1.3-fuel5.1.1.mira4	openstack-cinder-doc-2014.1.3-fuel5.1.1.mira4.noarch.rpm
220   	133	5.1.1	mu	ubuntu	openstack-dashboard	2014.1.3-fuel5.1.1~mira6	openstack-dashboard_2014.1.3-fuel5.1.1~mira6_all.deb
221   	133	5.1.1	mu	centos	openstack-dashboard	2014.1.3-fuel5.1.1.mira8	openstack-dashboard-2014.1.3-fuel5.1.1.mira8.noarch.rpm
222   	133	5.1.1	mu	centos	openstack-dashboard-theme	2014.1.3-fuel5.1.1.mira8	openstack-dashboard-theme-2014.1.3-fuel5.1.1.mira8.noarch.rpm
223   	133	5.1.1	mu	ubuntu	openstack-dashboard-ubuntu-theme	2014.1.3-fuel5.1.1~mira6	openstack-dashboard-ubuntu-theme_2014.1.3-fuel5.1.1~mira6_all.deb
224   	133	5.1.1	mu	centos	openstack-glance	2014.1.3-fuel5.1.1.mira5	openstack-glance-2014.1.3-fuel5.1.1.mira5.noarch.rpm
225   	133	5.1.1	mu	centos	openstack-glance-doc	2014.1.3-fuel5.1.1.mira5	openstack-glance-doc-2014.1.3-fuel5.1.1.mira5.noarch.rpm
226   	133	5.1.1	mu	centos	openstack-heat-api	2014.1.3-fuel5.1.1.mira4	openstack-heat-api-2014.1.3-fuel5.1.1.mira4.noarch.rpm
227   	133	5.1.1	mu	centos	openstack-heat-api-cfn	2014.1.3-fuel5.1.1.mira4	openstack-heat-api-cfn-2014.1.3-fuel5.1.1.mira4.noarch.rpm
228   	133	5.1.1	mu	centos	openstack-heat-api-cloudwatch	2014.1.3-fuel5.1.1.mira4	openstack-heat-api-cloudwatch-2014.1.3-fuel5.1.1.mira4.noarch.rpm
229   	133	5.1.1	mu	centos	openstack-heat-common	2014.1.3-fuel5.1.1.mira4	openstack-heat-common-2014.1.3-fuel5.1.1.mira4.noarch.rpm
230   	133	5.1.1	mu	centos	openstack-heat-engine	2014.1.3-fuel5.1.1.mira4	openstack-heat-engine-2014.1.3-fuel5.1.1.mira4.noarch.rpm
231   	133	5.1.1	mu	centos	openstack-keystone	2014.1.3-fuel5.1.1.mira7	openstack-keystone-2014.1.3-fuel5.1.1.mira7.noarch.rpm
232   	133	5.1.1	mu	centos	openstack-keystone-doc	2014.1.3-fuel5.1.1.mira7	openstack-keystone-doc-2014.1.3-fuel5.1.1.mira7.noarch.rpm
233   	133	5.1.1	mu	centos	openstack-neutron	2014.1.3-fuel5.1.1.mira2	openstack-neutron-2014.1.3-fuel5.1.1.mira2.noarch.rpm
234   	133	5.1.1	mu	centos	openstack-neutron-bigswitch	2014.1.3-fuel5.1.1.mira2	openstack-neutron-bigswitch-2014.1.3-fuel5.1.1.mira2.noarch.rpm
235   	133	5.1.1	mu	centos	openstack-neutron-brocade	2014.1.3-fuel5.1.1.mira2	openstack-neutron-brocade-2014.1.3-fuel5.1.1.mira2.noarch.rpm
236   	133	5.1.1	mu	centos	openstack-neutron-cisco	2014.1.3-fuel5.1.1.mira2	openstack-neutron-cisco-2014.1.3-fuel5.1.1.mira2.noarch.rpm
237   	133	5.1.1	mu	centos	openstack-neutron-hyperv	2014.1.3-fuel5.1.1.mira2	openstack-neutron-hyperv-2014.1.3-fuel5.1.1.mira2.noarch.rpm
238   	133	5.1.1	mu	centos	openstack-neutron-ibm	2014.1.3-fuel5.1.1.mira2	openstack-neutron-ibm-2014.1.3-fuel5.1.1.mira2.noarch.rpm
239   	133	5.1.1	mu	centos	openstack-neutron-linuxbridge	2014.1.3-fuel5.1.1.mira2	openstack-neutron-linuxbridge-2014.1.3-fuel5.1.1.mira2.noarch.rpm
240   	133	5.1.1	mu	centos	openstack-neutron-mellanox	2014.1.3-fuel5.1.1.mira2	openstack-neutron-mellanox-2014.1.3-fuel5.1.1.mira2.noarch.rpm
241   	133	5.1.1	mu	centos	openstack-neutron-metaplugin	2014.1.3-fuel5.1.1.mira2	openstack-neutron-metaplugin-2014.1.3-fuel5.1.1.mira2.noarch.rpm
242   	133	5.1.1	mu	centos	openstack-neutron-metering-agent	2014.1.3-fuel5.1.1.mira2	openstack-neutron-metering-agent-2014.1.3-fuel5.1.1.mira2.noarch.rpm
243   	133	5.1.1	mu	centos	openstack-neutron-midonet	2014.1.3-fuel5.1.1.mira2	openstack-neutron-midonet-2014.1.3-fuel5.1.1.mira2.noarch.rpm
244   	133	5.1.1	mu	centos	openstack-neutron-ml2	2014.1.3-fuel5.1.1.mira2	openstack-neutron-ml2-2014.1.3-fuel5.1.1.mira2.noarch.rpm
245   	133	5.1.1	mu	centos	openstack-neutron-nec	2014.1.3-fuel5.1.1.mira2	openstack-neutron-nec-2014.1.3-fuel5.1.1.mira2.noarch.rpm
246   	133	5.1.1	mu	centos	openstack-neutron-nuage	2014.1.3-fuel5.1.1.mira2	openstack-neutron-nuage-2014.1.3-fuel5.1.1.mira2.noarch.rpm
247   	133	5.1.1	mu	centos	openstack-neutron-ofagent	2014.1.3-fuel5.1.1.mira2	openstack-neutron-ofagent-2014.1.3-fuel5.1.1.mira2.noarch.rpm
248   	133	5.1.1	mu	centos	openstack-neutron-oneconvergence-nvsd	2014.1.3-fuel5.1.1.mira2	openstack-neutron-oneconvergence-nvsd-2014.1.3-fuel5.1.1.mira2.noarch.rpm
249   	133	5.1.1	mu	centos	openstack-neutron-openvswitch	2014.1.3-fuel5.1.1.mira2	openstack-neutron-openvswitch-2014.1.3-fuel5.1.1.mira2.noarch.rpm
250   	133	5.1.1	mu	centos	openstack-neutron-plumgrid	2014.1.3-fuel5.1.1.mira2	openstack-neutron-plumgrid-2014.1.3-fuel5.1.1.mira2.noarch.rpm
251   	133	5.1.1	mu	centos	openstack-neutron-ryu	2014.1.3-fuel5.1.1.mira2	openstack-neutron-ryu-2014.1.3-fuel5.1.1.mira2.noarch.rpm
252   	133	5.1.1	mu	centos	openstack-neutron-vmware	2014.1.3-fuel5.1.1.mira2	openstack-neutron-vmware-2014.1.3-fuel5.1.1.mira2.noarch.rpm
253   	133	5.1.1	mu	centos	openstack-neutron-vpn-agent	2014.1.3-fuel5.1.1.mira2	openstack-neutron-vpn-agent-2014.1.3-fuel5.1.1.mira2.noarch.rpm
254   	133	5.1.1	mu	ubuntu	python-cinder	2014.1.3-fuel5.1.1~mira4	python-cinder_2014.1.3-fuel5.1.1~mira4_all.deb
255   	133	5.1.1	mu	centos	python-cinder	2014.1.3-fuel5.1.1.mira4	python-cinder-2014.1.3-fuel5.1.1.mira4.noarch.rpm
256   	133	5.1.1	mu	ubuntu	python-django-horizon	2014.1.3-fuel5.1.1~mira6	python-django-horizon_2014.1.3-fuel5.1.1~mira6_all.deb
257   	133	5.1.1	mu	centos	python-django-horizon	2014.1.3-fuel5.1.1.mira8	python-django-horizon-2014.1.3-fuel5.1.1.mira8.noarch.rpm
258   	133	5.1.1	mu	centos	python-django-horizon-doc	2014.1.3-fuel5.1.1.mira8	python-django-horizon-doc-2014.1.3-fuel5.1.1.mira8.noarch.rpm
259   	133	5.1.1	mu	ubuntu	python-django-openstack	2014.1.3-fuel5.1.1~mira6	python-django-openstack_2014.1.3-fuel5.1.1~mira6_all.deb
260   	133	5.1.1	mu	ubuntu	python-glance	2014.1.3-fuel5.1.1~mira3	python-glance_2014.1.3-fuel5.1.1~mira3_all.deb
261   	133	5.1.1	mu	centos	python-glance	2014.1.3-fuel5.1.1.mira5	python-glance-2014.1.3-fuel5.1.1.mira5.noarch.rpm
262   	133	5.1.1	mu	ubuntu	python-glance-doc	2014.1.3-fuel5.1.1~mira3	python-glance-doc_2014.1.3-fuel5.1.1~mira3_all.deb
263   	133	5.1.1	mu	ubuntu	python-heat	2014.1.3-fuel5.1.1~mira3	python-heat_2014.1.3-fuel5.1.1~mira3_all.deb
264   	133	5.1.1	mu	ubuntu	python-keystone	2014.1.3-fuel5.1.1~mira5	python-keystone_2014.1.3-fuel5.1.1~mira5_all.deb
265   	133	5.1.1	mu	centos	python-keystone	2014.1.3-fuel5.1.1.mira7	python-keystone-2014.1.3-fuel5.1.1.mira7.noarch.rpm
266   	133	5.1.1	mu	ubuntu	python-libvirt	1.2.2-ubuntu1	python-libvirt_1.2.2-ubuntu1_amd64.deb
267   	133	5.1.1	mu	ubuntu	python-neutron	2014.1.3-fuel5.1.1~mira2	python-neutron_2014.1.3-fuel5.1.1~mira2_all.deb
268   	133	5.1.1	mu	centos	python-neutron	2014.1.3-fuel5.1.1.mira2	python-neutron-2014.1.3-fuel5.1.1.mira2.noarch.rpm
269   	134	5.1.1	mu	ubuntu	cinder-api	2014.1.3-fuel5.1.1~mira4	cinder-api_2014.1.3-fuel5.1.1~mira4_all.deb
270   	134	5.1.1	mu	ubuntu	cinder-backup	2014.1.3-fuel5.1.1~mira4	cinder-backup_2014.1.3-fuel5.1.1~mira4_all.deb
271   	134	5.1.1	mu	ubuntu	cinder-common	2014.1.3-fuel5.1.1~mira4	cinder-common_2014.1.3-fuel5.1.1~mira4_all.deb
272   	134	5.1.1	mu	ubuntu	cinder-scheduler	2014.1.3-fuel5.1.1~mira4	cinder-scheduler_2014.1.3-fuel5.1.1~mira4_all.deb
273   	134	5.1.1	mu	ubuntu	cinder-volume	2014.1.3-fuel5.1.1~mira4	cinder-volume_2014.1.3-fuel5.1.1~mira4_all.deb
274   	134	5.1.1	mu	ubuntu	glance	2014.1.3-fuel5.1.1~mira3	glance_2014.1.3-fuel5.1.1~mira3_all.deb
275   	134	5.1.1	mu	ubuntu	glance-api	2014.1.3-fuel5.1.1~mira3	glance-api_2014.1.3-fuel5.1.1~mira3_all.deb
276   	134	5.1.1	mu	ubuntu	glance-common	2014.1.3-fuel5.1.1~mira3	glance-common_2014.1.3-fuel5.1.1~mira3_all.deb
277   	134	5.1.1	mu	ubuntu	glance-registry	2014.1.3-fuel5.1.1~mira3	glance-registry_2014.1.3-fuel5.1.1~mira3_all.deb
278   	134	5.1.1	mu	ubuntu	heat-api	2014.1.3-fuel5.1.1~mira3	heat-api_2014.1.3-fuel5.1.1~mira3_all.deb
279   	134	5.1.1	mu	ubuntu	heat-api-cfn	2014.1.3-fuel5.1.1~mira3	heat-api-cfn_2014.1.3-fuel5.1.1~mira3_all.deb
280   	134	5.1.1	mu	ubuntu	heat-api-cloudwatch	2014.1.3-fuel5.1.1~mira3	heat-api-cloudwatch_2014.1.3-fuel5.1.1~mira3_all.deb
281   	134	5.1.1	mu	ubuntu	heat-common	2014.1.3-fuel5.1.1~mira3	heat-common_2014.1.3-fuel5.1.1~mira3_all.deb
282   	134	5.1.1	mu	ubuntu	heat-engine	2014.1.3-fuel5.1.1~mira3	heat-engine_2014.1.3-fuel5.1.1~mira3_all.deb
283   	134	5.1.1	mu	ubuntu	keystone	2014.1.3-fuel5.1.1~mira5	keystone_2014.1.3-fuel5.1.1~mira5_all.deb
284   	134	5.1.1	mu	ubuntu	keystone-doc	2014.1.3-fuel5.1.1~mira5	keystone-doc_2014.1.3-fuel5.1.1~mira5_all.deb
285   	134	5.1.1	mu	centos	libvirt-python	1.2.5-2.mira2	libvirt-python-1.2.5-2.mira2.x86_64.rpm
286   	134	5.1.1	mu	ubuntu	lshell	0.9.16-1	lshell_0.9.16-1_all.deb
287   	134	5.1.1	mu	centos	lshell	0.9.16-4.mira1	lshell-0.9.16-4.mira1.noarch.rpm
288   	134	5.1.1	mu	ubuntu	nova-ajax-console-proxy	2014.1.3-fuel5.1.1~mira8	nova-ajax-console-proxy_2014.1.3-fuel5.1.1~mira8_all.deb
289   	134	5.1.1	mu	ubuntu	nova-api	2014.1.3-fuel5.1.1~mira8	nova-api_2014.1.3-fuel5.1.1~mira8_all.deb
290   	134	5.1.1	mu	ubuntu	nova-api-ec2	2014.1.3-fuel5.1.1~mira8	nova-api-ec2_2014.1.3-fuel5.1.1~mira8_all.deb
291   	134	5.1.1	mu	ubuntu	nova-api-metadata	2014.1.3-fuel5.1.1~mira8	nova-api-metadata_2014.1.3-fuel5.1.1~mira8_all.deb
292   	134	5.1.1	mu	ubuntu	nova-api-os-compute	2014.1.3-fuel5.1.1~mira8	nova-api-os-compute_2014.1.3-fuel5.1.1~mira8_all.deb
293   	134	5.1.1	mu	ubuntu	nova-api-os-volume	2014.1.3-fuel5.1.1~mira8	nova-api-os-volume_2014.1.3-fuel5.1.1~mira8_all.deb
294   	134	5.1.1	mu	ubuntu	nova-baremetal	2014.1.3-fuel5.1.1~mira8	nova-baremetal_2014.1.3-fuel5.1.1~mira8_all.deb
295   	134	5.1.1	mu	ubuntu	nova-cells	2014.1.3-fuel5.1.1~mira8	nova-cells_2014.1.3-fuel5.1.1~mira8_all.deb
296   	134	5.1.1	mu	ubuntu	nova-cert	2014.1.3-fuel5.1.1~mira8	nova-cert_2014.1.3-fuel5.1.1~mira8_all.deb
297   	134	5.1.1	mu	ubuntu	nova-common	2014.1.3-fuel5.1.1~mira8	nova-common_2014.1.3-fuel5.1.1~mira8_all.deb
298   	134	5.1.1	mu	ubuntu	nova-compute	2014.1.3-fuel5.1.1~mira8	nova-compute_2014.1.3-fuel5.1.1~mira8_all.deb
299   	134	5.1.1	mu	ubuntu	nova-compute-kvm	2014.1.3-fuel5.1.1~mira8	nova-compute-kvm_2014.1.3-fuel5.1.1~mira8_all.deb
300   	134	5.1.1	mu	ubuntu	nova-compute-libvirt	2014.1.3-fuel5.1.1~mira8	nova-compute-libvirt_2014.1.3-fuel5.1.1~mira8_all.deb
301   	134	5.1.1	mu	ubuntu	nova-compute-lxc	2014.1.3-fuel5.1.1~mira8	nova-compute-lxc_2014.1.3-fuel5.1.1~mira8_all.deb
302   	134	5.1.1	mu	ubuntu	nova-compute-qemu	2014.1.3-fuel5.1.1~mira8	nova-compute-qemu_2014.1.3-fuel5.1.1~mira8_all.deb
303   	134	5.1.1	mu	ubuntu	nova-compute-vmware	2014.1.3-fuel5.1.1~mira8	nova-compute-vmware_2014.1.3-fuel5.1.1~mira8_all.deb
304   	134	5.1.1	mu	ubuntu	nova-compute-xen	2014.1.3-fuel5.1.1~mira8	nova-compute-xen_2014.1.3-fuel5.1.1~mira8_all.deb
305   	134	5.1.1	mu	ubuntu	nova-conductor	2014.1.3-fuel5.1.1~mira8	nova-conductor_2014.1.3-fuel5.1.1~mira8_all.deb
306   	134	5.1.1	mu	ubuntu	nova-console	2014.1.3-fuel5.1.1~mira8	nova-console_2014.1.3-fuel5.1.1~mira8_all.deb
307   	134	5.1.1	mu	ubuntu	nova-consoleauth	2014.1.3-fuel5.1.1~mira8	nova-consoleauth_2014.1.3-fuel5.1.1~mira8_all.deb
308   	134	5.1.1	mu	ubuntu	nova-doc	2014.1.3-fuel5.1.1~mira8	nova-doc_2014.1.3-fuel5.1.1~mira8_all.deb
309   	134	5.1.1	mu	ubuntu	nova-network	2014.1.3-fuel5.1.1~mira8	nova-network_2014.1.3-fuel5.1.1~mira8_all.deb
310   	134	5.1.1	mu	ubuntu	nova-novncproxy	2014.1.3-fuel5.1.1~mira8	nova-novncproxy_2014.1.3-fuel5.1.1~mira8_all.deb
311   	134	5.1.1	mu	ubuntu	nova-objectstore	2014.1.3-fuel5.1.1~mira8	nova-objectstore_2014.1.3-fuel5.1.1~mira8_all.deb
312   	134	5.1.1	mu	ubuntu	nova-scheduler	2014.1.3-fuel5.1.1~mira8	nova-scheduler_2014.1.3-fuel5.1.1~mira8_all.deb
313   	134	5.1.1	mu	ubuntu	nova-spiceproxy	2014.1.3-fuel5.1.1~mira8	nova-spiceproxy_2014.1.3-fuel5.1.1~mira8_all.deb
314   	134	5.1.1	mu	ubuntu	nova-volume	2014.1.3-fuel5.1.1~mira8	nova-volume_2014.1.3-fuel5.1.1~mira8_all.deb
315   	134	5.1.1	mu	ubuntu	nova-xvpvncproxy	2014.1.3-fuel5.1.1~mira8	nova-xvpvncproxy_2014.1.3-fuel5.1.1~mira8_all.deb
316   	134	5.1.1	mu	centos	openstack-cinder	2014.1.3-fuel5.1.1.mira4	openstack-cinder-2014.1.3-fuel5.1.1.mira4.noarch.rpm
317   	134	5.1.1	mu	centos	openstack-cinder-doc	2014.1.3-fuel5.1.1.mira4	openstack-cinder-doc-2014.1.3-fuel5.1.1.mira4.noarch.rpm
318   	134	5.1.1	mu	ubuntu	openstack-dashboard	2014.1.3-fuel5.1.1~mira6	openstack-dashboard_2014.1.3-fuel5.1.1~mira6_all.deb
319   	134	5.1.1	mu	centos	openstack-dashboard	2014.1.3-fuel5.1.1.mira8	openstack-dashboard-2014.1.3-fuel5.1.1.mira8.noarch.rpm
320   	134	5.1.1	mu	centos	openstack-dashboard-theme	2014.1.3-fuel5.1.1.mira8	openstack-dashboard-theme-2014.1.3-fuel5.1.1.mira8.noarch.rpm
321   	134	5.1.1	mu	ubuntu	openstack-dashboard-ubuntu-theme	2014.1.3-fuel5.1.1~mira6	openstack-dashboard-ubuntu-theme_2014.1.3-fuel5.1.1~mira6_all.deb
322   	134	5.1.1	mu	centos	openstack-glance	2014.1.3-fuel5.1.1.mira5	openstack-glance-2014.1.3-fuel5.1.1.mira5.noarch.rpm
323   	134	5.1.1	mu	centos	openstack-glance-doc	2014.1.3-fuel5.1.1.mira5	openstack-glance-doc-2014.1.3-fuel5.1.1.mira5.noarch.rpm
324   	134	5.1.1	mu	centos	openstack-heat-api	2014.1.3-fuel5.1.1.mira4	openstack-heat-api-2014.1.3-fuel5.1.1.mira4.noarch.rpm
325   	134	5.1.1	mu	centos	openstack-heat-api-cfn	2014.1.3-fuel5.1.1.mira4	openstack-heat-api-cfn-2014.1.3-fuel5.1.1.mira4.noarch.rpm
326   	134	5.1.1	mu	centos	openstack-heat-api-cloudwatch	2014.1.3-fuel5.1.1.mira4	openstack-heat-api-cloudwatch-2014.1.3-fuel5.1.1.mira4.noarch.rpm
327   	134	5.1.1	mu	centos	openstack-heat-common	2014.1.3-fuel5.1.1.mira4	openstack-heat-common-2014.1.3-fuel5.1.1.mira4.noarch.rpm
328   	134	5.1.1	mu	centos	openstack-heat-engine	2014.1.3-fuel5.1.1.mira4	openstack-heat-engine-2014.1.3-fuel5.1.1.mira4.noarch.rpm
329   	134	5.1.1	mu	centos	openstack-keystone	2014.1.3-fuel5.1.1.mira7	openstack-keystone-2014.1.3-fuel5.1.1.mira7.noarch.rpm
330   	134	5.1.1	mu	centos	openstack-keystone-doc	2014.1.3-fuel5.1.1.mira7	openstack-keystone-doc-2014.1.3-fuel5.1.1.mira7.noarch.rpm
331   	134	5.1.1	mu	centos	openstack-nova	2014.1.3-fuel5.1.1.mira10	openstack-nova-2014.1.3-fuel5.1.1.mira10.noarch.rpm
332   	134	5.1.1	mu	centos	openstack-nova-api	2014.1.3-fuel5.1.1.mira10	openstack-nova-api-2014.1.3-fuel5.1.1.mira10.noarch.rpm
333   	134	5.1.1	mu	centos	openstack-nova-cells	2014.1.3-fuel5.1.1.mira10	openstack-nova-cells-2014.1.3-fuel5.1.1.mira10.noarch.rpm
334   	134	5.1.1	mu	centos	openstack-nova-cert	2014.1.3-fuel5.1.1.mira10	openstack-nova-cert-2014.1.3-fuel5.1.1.mira10.noarch.rpm
335   	134	5.1.1	mu	centos	openstack-nova-common	2014.1.3-fuel5.1.1.mira10	openstack-nova-common-2014.1.3-fuel5.1.1.mira10.noarch.rpm
336   	134	5.1.1	mu	centos	openstack-nova-compute	2014.1.3-fuel5.1.1.mira10	openstack-nova-compute-2014.1.3-fuel5.1.1.mira10.noarch.rpm
337   	134	5.1.1	mu	centos	openstack-nova-conductor	2014.1.3-fuel5.1.1.mira10	openstack-nova-conductor-2014.1.3-fuel5.1.1.mira10.noarch.rpm
338   	134	5.1.1	mu	centos	openstack-nova-console	2014.1.3-fuel5.1.1.mira10	openstack-nova-console-2014.1.3-fuel5.1.1.mira10.noarch.rpm
339   	134	5.1.1	mu	centos	openstack-nova-doc	2014.1.3-fuel5.1.1.mira10	openstack-nova-doc-2014.1.3-fuel5.1.1.mira10.noarch.rpm
340   	134	5.1.1	mu	centos	openstack-nova-network	2014.1.3-fuel5.1.1.mira10	openstack-nova-network-2014.1.3-fuel5.1.1.mira10.noarch.rpm
341   	134	5.1.1	mu	centos	openstack-nova-novncproxy	2014.1.3-fuel5.1.1.mira10	openstack-nova-novncproxy-2014.1.3-fuel5.1.1.mira10.noarch.rpm
342   	134	5.1.1	mu	centos	openstack-nova-objectstore	2014.1.3-fuel5.1.1.mira10	openstack-nova-objectstore-2014.1.3-fuel5.1.1.mira10.noarch.rpm
343   	134	5.1.1	mu	centos	openstack-nova-scheduler	2014.1.3-fuel5.1.1.mira10	openstack-nova-scheduler-2014.1.3-fuel5.1.1.mira10.noarch.rpm
344   	134	5.1.1	mu	ubuntu	python-cinder	2014.1.3-fuel5.1.1~mira4	python-cinder_2014.1.3-fuel5.1.1~mira4_all.deb
345   	134	5.1.1	mu	centos	python-cinder	2014.1.3-fuel5.1.1.mira4	python-cinder-2014.1.3-fuel5.1.1.mira4.noarch.rpm
346   	134	5.1.1	mu	ubuntu	python-django-horizon	2014.1.3-fuel5.1.1~mira6	python-django-horizon_2014.1.3-fuel5.1.1~mira6_all.deb
347   	134	5.1.1	mu	centos	python-django-horizon	2014.1.3-fuel5.1.1.mira8	python-django-horizon-2014.1.3-fuel5.1.1.mira8.noarch.rpm
348   	134	5.1.1	mu	centos	python-django-horizon-doc	2014.1.3-fuel5.1.1.mira8	python-django-horizon-doc-2014.1.3-fuel5.1.1.mira8.noarch.rpm
349   	134	5.1.1	mu	ubuntu	python-django-openstack	2014.1.3-fuel5.1.1~mira6	python-django-openstack_2014.1.3-fuel5.1.1~mira6_all.deb
350   	134	5.1.1	mu	ubuntu	python-glance	2014.1.3-fuel5.1.1~mira3	python-glance_2014.1.3-fuel5.1.1~mira3_all.deb
351   	134	5.1.1	mu	centos	python-glance	2014.1.3-fuel5.1.1.mira5	python-glance-2014.1.3-fuel5.1.1.mira5.noarch.rpm
352   	134	5.1.1	mu	ubuntu	python-glance-doc	2014.1.3-fuel5.1.1~mira3	python-glance-doc_2014.1.3-fuel5.1.1~mira3_all.deb
353   	134	5.1.1	mu	ubuntu	python-heat	2014.1.3-fuel5.1.1~mira3	python-heat_2014.1.3-fuel5.1.1~mira3_all.deb
354   	134	5.1.1	mu	ubuntu	python-keystone	2014.1.3-fuel5.1.1~mira5	python-keystone_2014.1.3-fuel5.1.1~mira5_all.deb
355   	134	5.1.1	mu	centos	python-keystone	2014.1.3-fuel5.1.1.mira7	python-keystone-2014.1.3-fuel5.1.1.mira7.noarch.rpm
356   	134	5.1.1	mu	ubuntu	python-libvirt	1.2.2-ubuntu1	python-libvirt_1.2.2-ubuntu1_amd64.deb
357   	134	5.1.1	mu	centos	python-nova	2014.1.3-fuel5.1.1.mira10	python-nova-2014.1.3-fuel5.1.1.mira10.noarch.rpm
358   	134	5.1.1	mu	ubuntu	python-nova	2014.1.3-fuel5.1.1~mira8	python-nova_2014.1.3-fuel5.1.1~mira8_all.deb
359   	135	5.1.1	mu	ubuntu	cinder-api	2014.1.3-fuel5.1.1~mira4	cinder-api_2014.1.3-fuel5.1.1~mira4_all.deb
360   	135	5.1.1	mu	ubuntu	cinder-backup	2014.1.3-fuel5.1.1~mira4	cinder-backup_2014.1.3-fuel5.1.1~mira4_all.deb
361   	135	5.1.1	mu	ubuntu	cinder-common	2014.1.3-fuel5.1.1~mira4	cinder-common_2014.1.3-fuel5.1.1~mira4_all.deb
362   	135	5.1.1	mu	ubuntu	cinder-scheduler	2014.1.3-fuel5.1.1~mira4	cinder-scheduler_2014.1.3-fuel5.1.1~mira4_all.deb
363   	135	5.1.1	mu	ubuntu	cinder-volume	2014.1.3-fuel5.1.1~mira4	cinder-volume_2014.1.3-fuel5.1.1~mira4_all.deb
364   	135	5.1.1	mu	ubuntu	glance	2014.1.3-fuel5.1.1~mira3	glance_2014.1.3-fuel5.1.1~mira3_all.deb
365   	135	5.1.1	mu	ubuntu	glance-api	2014.1.3-fuel5.1.1~mira3	glance-api_2014.1.3-fuel5.1.1~mira3_all.deb
366   	135	5.1.1	mu	ubuntu	glance-common	2014.1.3-fuel5.1.1~mira3	glance-common_2014.1.3-fuel5.1.1~mira3_all.deb
367   	135	5.1.1	mu	ubuntu	glance-registry	2014.1.3-fuel5.1.1~mira3	glance-registry_2014.1.3-fuel5.1.1~mira3_all.deb
368   	135	5.1.1	mu	ubuntu	heat-api	2014.1.3-fuel5.1.1~mira3	heat-api_2014.1.3-fuel5.1.1~mira3_all.deb
369   	135	5.1.1	mu	ubuntu	heat-api-cfn	2014.1.3-fuel5.1.1~mira3	heat-api-cfn_2014.1.3-fuel5.1.1~mira3_all.deb
370   	135	5.1.1	mu	ubuntu	heat-api-cloudwatch	2014.1.3-fuel5.1.1~mira3	heat-api-cloudwatch_2014.1.3-fuel5.1.1~mira3_all.deb
371   	135	5.1.1	mu	ubuntu	heat-common	2014.1.3-fuel5.1.1~mira3	heat-common_2014.1.3-fuel5.1.1~mira3_all.deb
372   	135	5.1.1	mu	ubuntu	heat-engine	2014.1.3-fuel5.1.1~mira3	heat-engine_2014.1.3-fuel5.1.1~mira3_all.deb
373   	135	5.1.1	mu	ubuntu	keystone	2014.1.3-fuel5.1.1~mira5	keystone_2014.1.3-fuel5.1.1~mira5_all.deb
374   	135	5.1.1	mu	ubuntu	keystone-doc	2014.1.3-fuel5.1.1~mira5	keystone-doc_2014.1.3-fuel5.1.1~mira5_all.deb
375   	135	5.1.1	mu	centos	libvirt-python	1.2.5-2.mira2	libvirt-python-1.2.5-2.mira2.x86_64.rpm
376   	135	5.1.1	mu	ubuntu	lshell	0.9.16-1	lshell_0.9.16-1_all.deb
377   	135	5.1.1	mu	centos	lshell	0.9.16-4.mira1	lshell-0.9.16-4.mira1.noarch.rpm
378   	135	5.1.1	mu	ubuntu	nova-ajax-console-proxy	2014.1.3-fuel5.1.1~mira8	nova-ajax-console-proxy_2014.1.3-fuel5.1.1~mira8_all.deb
379   	135	5.1.1	mu	ubuntu	nova-api	2014.1.3-fuel5.1.1~mira8	nova-api_2014.1.3-fuel5.1.1~mira8_all.deb
380   	135	5.1.1	mu	ubuntu	nova-api-ec2	2014.1.3-fuel5.1.1~mira8	nova-api-ec2_2014.1.3-fuel5.1.1~mira8_all.deb
381   	135	5.1.1	mu	ubuntu	nova-api-metadata	2014.1.3-fuel5.1.1~mira8	nova-api-metadata_2014.1.3-fuel5.1.1~mira8_all.deb
382   	135	5.1.1	mu	ubuntu	nova-api-os-compute	2014.1.3-fuel5.1.1~mira8	nova-api-os-compute_2014.1.3-fuel5.1.1~mira8_all.deb
383   	135	5.1.1	mu	ubuntu	nova-api-os-volume	2014.1.3-fuel5.1.1~mira8	nova-api-os-volume_2014.1.3-fuel5.1.1~mira8_all.deb
384   	135	5.1.1	mu	ubuntu	nova-baremetal	2014.1.3-fuel5.1.1~mira8	nova-baremetal_2014.1.3-fuel5.1.1~mira8_all.deb
385   	135	5.1.1	mu	ubuntu	nova-cells	2014.1.3-fuel5.1.1~mira8	nova-cells_2014.1.3-fuel5.1.1~mira8_all.deb
386   	135	5.1.1	mu	ubuntu	nova-cert	2014.1.3-fuel5.1.1~mira8	nova-cert_2014.1.3-fuel5.1.1~mira8_all.deb
387   	135	5.1.1	mu	ubuntu	nova-common	2014.1.3-fuel5.1.1~mira8	nova-common_2014.1.3-fuel5.1.1~mira8_all.deb
388   	135	5.1.1	mu	ubuntu	nova-compute	2014.1.3-fuel5.1.1~mira8	nova-compute_2014.1.3-fuel5.1.1~mira8_all.deb
389   	135	5.1.1	mu	ubuntu	nova-compute-kvm	2014.1.3-fuel5.1.1~mira8	nova-compute-kvm_2014.1.3-fuel5.1.1~mira8_all.deb
390   	135	5.1.1	mu	ubuntu	nova-compute-libvirt	2014.1.3-fuel5.1.1~mira8	nova-compute-libvirt_2014.1.3-fuel5.1.1~mira8_all.deb
391   	135	5.1.1	mu	ubuntu	nova-compute-lxc	2014.1.3-fuel5.1.1~mira8	nova-compute-lxc_2014.1.3-fuel5.1.1~mira8_all.deb
392   	135	5.1.1	mu	ubuntu	nova-compute-qemu	2014.1.3-fuel5.1.1~mira8	nova-compute-qemu_2014.1.3-fuel5.1.1~mira8_all.deb
393   	135	5.1.1	mu	ubuntu	nova-compute-vmware	2014.1.3-fuel5.1.1~mira8	nova-compute-vmware_2014.1.3-fuel5.1.1~mira8_all.deb
394   	135	5.1.1	mu	ubuntu	nova-compute-xen	2014.1.3-fuel5.1.1~mira8	nova-compute-xen_2014.1.3-fuel5.1.1~mira8_all.deb
395   	135	5.1.1	mu	ubuntu	nova-conductor	2014.1.3-fuel5.1.1~mira8	nova-conductor_2014.1.3-fuel5.1.1~mira8_all.deb
396   	135	5.1.1	mu	ubuntu	nova-console	2014.1.3-fuel5.1.1~mira8	nova-console_2014.1.3-fuel5.1.1~mira8_all.deb
397   	135	5.1.1	mu	ubuntu	nova-consoleauth	2014.1.3-fuel5.1.1~mira8	nova-consoleauth_2014.1.3-fuel5.1.1~mira8_all.deb
398   	135	5.1.1	mu	ubuntu	nova-doc	2014.1.3-fuel5.1.1~mira8	nova-doc_2014.1.3-fuel5.1.1~mira8_all.deb
399   	135	5.1.1	mu	ubuntu	nova-network	2014.1.3-fuel5.1.1~mira8	nova-network_2014.1.3-fuel5.1.1~mira8_all.deb
400   	135	5.1.1	mu	ubuntu	nova-novncproxy	2014.1.3-fuel5.1.1~mira8	nova-novncproxy_2014.1.3-fuel5.1.1~mira8_all.deb
401   	135	5.1.1	mu	ubuntu	nova-objectstore	2014.1.3-fuel5.1.1~mira8	nova-objectstore_2014.1.3-fuel5.1.1~mira8_all.deb
402   	135	5.1.1	mu	ubuntu	nova-scheduler	2014.1.3-fuel5.1.1~mira8	nova-scheduler_2014.1.3-fuel5.1.1~mira8_all.deb
403   	135	5.1.1	mu	ubuntu	nova-spiceproxy	2014.1.3-fuel5.1.1~mira8	nova-spiceproxy_2014.1.3-fuel5.1.1~mira8_all.deb
404   	135	5.1.1	mu	ubuntu	nova-volume	2014.1.3-fuel5.1.1~mira8	nova-volume_2014.1.3-fuel5.1.1~mira8_all.deb
405   	135	5.1.1	mu	ubuntu	nova-xvpvncproxy	2014.1.3-fuel5.1.1~mira8	nova-xvpvncproxy_2014.1.3-fuel5.1.1~mira8_all.deb
406   	135	5.1.1	mu	centos	openstack-cinder	2014.1.3-fuel5.1.1.mira4	openstack-cinder-2014.1.3-fuel5.1.1.mira4.noarch.rpm
407   	135	5.1.1	mu	centos	openstack-cinder-doc	2014.1.3-fuel5.1.1.mira4	openstack-cinder-doc-2014.1.3-fuel5.1.1.mira4.noarch.rpm
408   	135	5.1.1	mu	ubuntu	openstack-dashboard	2014.1.3-fuel5.1.1~mira6	openstack-dashboard_2014.1.3-fuel5.1.1~mira6_all.deb
409   	135	5.1.1	mu	centos	openstack-dashboard	2014.1.3-fuel5.1.1.mira8	openstack-dashboard-2014.1.3-fuel5.1.1.mira8.noarch.rpm
410   	135	5.1.1	mu	centos	openstack-dashboard-theme	2014.1.3-fuel5.1.1.mira8	openstack-dashboard-theme-2014.1.3-fuel5.1.1.mira8.noarch.rpm
411   	135	5.1.1	mu	ubuntu	openstack-dashboard-ubuntu-theme	2014.1.3-fuel5.1.1~mira6	openstack-dashboard-ubuntu-theme_2014.1.3-fuel5.1.1~mira6_all.deb
412   	135	5.1.1	mu	centos	openstack-glance	2014.1.3-fuel5.1.1.mira5	openstack-glance-2014.1.3-fuel5.1.1.mira5.noarch.rpm
413   	135	5.1.1	mu	centos	openstack-glance-doc	2014.1.3-fuel5.1.1.mira5	openstack-glance-doc-2014.1.3-fuel5.1.1.mira5.noarch.rpm
414   	135	5.1.1	mu	centos	openstack-heat-api	2014.1.3-fuel5.1.1.mira4	openstack-heat-api-2014.1.3-fuel5.1.1.mira4.noarch.rpm
415   	135	5.1.1	mu	centos	openstack-heat-api-cfn	2014.1.3-fuel5.1.1.mira4	openstack-heat-api-cfn-2014.1.3-fuel5.1.1.mira4.noarch.rpm
416   	135	5.1.1	mu	centos	openstack-heat-api-cloudwatch	2014.1.3-fuel5.1.1.mira4	openstack-heat-api-cloudwatch-2014.1.3-fuel5.1.1.mira4.noarch.rpm
417   	135	5.1.1	mu	centos	openstack-heat-common	2014.1.3-fuel5.1.1.mira4	openstack-heat-common-2014.1.3-fuel5.1.1.mira4.noarch.rpm
418   	135	5.1.1	mu	centos	openstack-heat-engine	2014.1.3-fuel5.1.1.mira4	openstack-heat-engine-2014.1.3-fuel5.1.1.mira4.noarch.rpm
419   	135	5.1.1	mu	centos	openstack-keystone	2014.1.3-fuel5.1.1.mira7	openstack-keystone-2014.1.3-fuel5.1.1.mira7.noarch.rpm
420   	135	5.1.1	mu	centos	openstack-keystone-doc	2014.1.3-fuel5.1.1.mira7	openstack-keystone-doc-2014.1.3-fuel5.1.1.mira7.noarch.rpm
421   	135	5.1.1	mu	centos	openstack-nova	2014.1.3-fuel5.1.1.mira10	openstack-nova-2014.1.3-fuel5.1.1.mira10.noarch.rpm
422   	135	5.1.1	mu	centos	openstack-nova-api	2014.1.3-fuel5.1.1.mira10	openstack-nova-api-2014.1.3-fuel5.1.1.mira10.noarch.rpm
423   	135	5.1.1	mu	centos	openstack-nova-cells	2014.1.3-fuel5.1.1.mira10	openstack-nova-cells-2014.1.3-fuel5.1.1.mira10.noarch.rpm
424   	135	5.1.1	mu	centos	openstack-nova-cert	2014.1.3-fuel5.1.1.mira10	openstack-nova-cert-2014.1.3-fuel5.1.1.mira10.noarch.rpm
425   	135	5.1.1	mu	centos	openstack-nova-common	2014.1.3-fuel5.1.1.mira10	openstack-nova-common-2014.1.3-fuel5.1.1.mira10.noarch.rpm
426   	135	5.1.1	mu	centos	openstack-nova-compute	2014.1.3-fuel5.1.1.mira10	openstack-nova-compute-2014.1.3-fuel5.1.1.mira10.noarch.rpm
427   	135	5.1.1	mu	centos	openstack-nova-conductor	2014.1.3-fuel5.1.1.mira10	openstack-nova-conductor-2014.1.3-fuel5.1.1.mira10.noarch.rpm
428   	135	5.1.1	mu	centos	openstack-nova-console	2014.1.3-fuel5.1.1.mira10	openstack-nova-console-2014.1.3-fuel5.1.1.mira10.noarch.rpm
429   	135	5.1.1	mu	centos	openstack-nova-doc	2014.1.3-fuel5.1.1.mira10	openstack-nova-doc-2014.1.3-fuel5.1.1.mira10.noarch.rpm
430   	135	5.1.1	mu	centos	openstack-nova-network	2014.1.3-fuel5.1.1.mira10	openstack-nova-network-2014.1.3-fuel5.1.1.mira10.noarch.rpm
431   	135	5.1.1	mu	centos	openstack-nova-novncproxy	2014.1.3-fuel5.1.1.mira10	openstack-nova-novncproxy-2014.1.3-fuel5.1.1.mira10.noarch.rpm
432   	135	5.1.1	mu	centos	openstack-nova-objectstore	2014.1.3-fuel5.1.1.mira10	openstack-nova-objectstore-2014.1.3-fuel5.1.1.mira10.noarch.rpm
433   	135	5.1.1	mu	centos	openstack-nova-scheduler	2014.1.3-fuel5.1.1.mira10	openstack-nova-scheduler-2014.1.3-fuel5.1.1.mira10.noarch.rpm
434   	135	5.1.1	mu	centos	openstack-swift	1.13.1-fuel5.1.1.mira5	openstack-swift-1.13.1-fuel5.1.1.mira5.noarch.rpm
435   	135	5.1.1	mu	centos	openstack-swift-account	1.13.1-fuel5.1.1.mira5	openstack-swift-account-1.13.1-fuel5.1.1.mira5.noarch.rpm
436   	135	5.1.1	mu	centos	openstack-swift-container	1.13.1-fuel5.1.1.mira5	openstack-swift-container-1.13.1-fuel5.1.1.mira5.noarch.rpm
437   	135	5.1.1	mu	centos	openstack-swift-doc	1.13.1-fuel5.1.1.mira5	openstack-swift-doc-1.13.1-fuel5.1.1.mira5.noarch.rpm
438   	135	5.1.1	mu	centos	openstack-swift-object	1.13.1-fuel5.1.1.mira5	openstack-swift-object-1.13.1-fuel5.1.1.mira5.noarch.rpm
439   	135	5.1.1	mu	centos	openstack-swift-proxy	1.13.1-fuel5.1.1.mira5	openstack-swift-proxy-1.13.1-fuel5.1.1.mira5.noarch.rpm
440   	135	5.1.1	mu	ubuntu	python-cinder	2014.1.3-fuel5.1.1~mira4	python-cinder_2014.1.3-fuel5.1.1~mira4_all.deb
441   	135	5.1.1	mu	centos	python-cinder	2014.1.3-fuel5.1.1.mira4	python-cinder-2014.1.3-fuel5.1.1.mira4.noarch.rpm
442   	135	5.1.1	mu	ubuntu	python-django-horizon	2014.1.3-fuel5.1.1~mira6	python-django-horizon_2014.1.3-fuel5.1.1~mira6_all.deb
443   	135	5.1.1	mu	centos	python-django-horizon	2014.1.3-fuel5.1.1.mira8	python-django-horizon-2014.1.3-fuel5.1.1.mira8.noarch.rpm
444   	135	5.1.1	mu	centos	python-django-horizon-doc	2014.1.3-fuel5.1.1.mira8	python-django-horizon-doc-2014.1.3-fuel5.1.1.mira8.noarch.rpm
445   	135	5.1.1	mu	ubuntu	python-django-openstack	2014.1.3-fuel5.1.1~mira6	python-django-openstack_2014.1.3-fuel5.1.1~mira6_all.deb
446   	135	5.1.1	mu	ubuntu	python-glance	2014.1.3-fuel5.1.1~mira3	python-glance_2014.1.3-fuel5.1.1~mira3_all.deb
447   	135	5.1.1	mu	centos	python-glance	2014.1.3-fuel5.1.1.mira5	python-glance-2014.1.3-fuel5.1.1.mira5.noarch.rpm
448   	135	5.1.1	mu	ubuntu	python-glance-doc	2014.1.3-fuel5.1.1~mira3	python-glance-doc_2014.1.3-fuel5.1.1~mira3_all.deb
449   	135	5.1.1	mu	ubuntu	python-heat	2014.1.3-fuel5.1.1~mira3	python-heat_2014.1.3-fuel5.1.1~mira3_all.deb
450   	135	5.1.1	mu	ubuntu	python-keystone	2014.1.3-fuel5.1.1~mira5	python-keystone_2014.1.3-fuel5.1.1~mira5_all.deb
451   	135	5.1.1	mu	centos	python-keystone	2014.1.3-fuel5.1.1.mira7	python-keystone-2014.1.3-fuel5.1.1.mira7.noarch.rpm
452   	135	5.1.1	mu	ubuntu	python-libvirt	1.2.2-ubuntu1	python-libvirt_1.2.2-ubuntu1_amd64.deb
453   	135	5.1.1	mu	centos	python-nova	2014.1.3-fuel5.1.1.mira10	python-nova-2014.1.3-fuel5.1.1.mira10.noarch.rpm
454   	135	5.1.1	mu	ubuntu	python-nova	2014.1.3-fuel5.1.1~mira8	python-nova_2014.1.3-fuel5.1.1~mira8_all.deb
455   	135	5.1.1	mu	ubuntu	python-swift	1.13.1-fuel5.1.1~mira9	python-swift_1.13.1-fuel5.1.1~mira9_all.deb
456   	135	5.1.1	mu	ubuntu	swift	1.13.1-fuel5.1.1~mira9	swift_1.13.1-fuel5.1.1~mira9_all.deb
457   	135	5.1.1	mu	ubuntu	swift-account	1.13.1-fuel5.1.1~mira9	swift-account_1.13.1-fuel5.1.1~mira9_all.deb
458   	135	5.1.1	mu	ubuntu	swift-container	1.13.1-fuel5.1.1~mira9	swift-container_1.13.1-fuel5.1.1~mira9_all.deb
459   	135	5.1.1	mu	ubuntu	swift-doc	1.13.1-fuel5.1.1~mira9	swift-doc_1.13.1-fuel5.1.1~mira9_all.deb
460   	135	5.1.1	mu	ubuntu	swift-object	1.13.1-fuel5.1.1~mira9	swift-object_1.13.1-fuel5.1.1~mira9_all.deb
461   	135	5.1.1	mu	ubuntu	swift-object-expirer	1.13.1-fuel5.1.1~mira9	swift-object-expirer_1.13.1-fuel5.1.1~mira9_all.deb
462   	135	5.1.1	mu	ubuntu	swift-proxy	1.13.1-fuel5.1.1~mira9	swift-proxy_1.13.1-fuel5.1.1~mira9_all.deb
463   	52	5.1.1	mu	centos	libvirt-python	1.2.5-2.mira2	libvirt-python-1.2.5-2.mira2.x86_64.rpm
464   	52	5.1.1	mu	ubuntu	python-libvirt	1.2.2-ubuntu1	python-libvirt_1.2.2-ubuntu1_amd64.deb
465   	72	5.1.1	mu	ubuntu	cinder-api	2014.1.3-fuel5.1.1~mira4	cinder-api_2014.1.3-fuel5.1.1~mira4_all.deb
466   	72	5.1.1	mu	ubuntu	cinder-backup	2014.1.3-fuel5.1.1~mira4	cinder-backup_2014.1.3-fuel5.1.1~mira4_all.deb
467   	72	5.1.1	mu	ubuntu	cinder-common	2014.1.3-fuel5.1.1~mira4	cinder-common_2014.1.3-fuel5.1.1~mira4_all.deb
468   	72	5.1.1	mu	ubuntu	cinder-scheduler	2014.1.3-fuel5.1.1~mira4	cinder-scheduler_2014.1.3-fuel5.1.1~mira4_all.deb
469   	72	5.1.1	mu	ubuntu	cinder-volume	2014.1.3-fuel5.1.1~mira4	cinder-volume_2014.1.3-fuel5.1.1~mira4_all.deb
470   	72	5.1.1	mu	centos	libvirt-python	1.2.5-2.mira2	libvirt-python-1.2.5-2.mira2.x86_64.rpm
471   	72	5.1.1	mu	centos	openstack-cinder	2014.1.3-fuel5.1.1.mira4	openstack-cinder-2014.1.3-fuel5.1.1.mira4.noarch.rpm
472   	72	5.1.1	mu	centos	openstack-cinder-doc	2014.1.3-fuel5.1.1.mira4	openstack-cinder-doc-2014.1.3-fuel5.1.1.mira4.noarch.rpm
473   	72	5.1.1	mu	ubuntu	python-cinder	2014.1.3-fuel5.1.1~mira4	python-cinder_2014.1.3-fuel5.1.1~mira4_all.deb
474   	72	5.1.1	mu	centos	python-cinder	2014.1.3-fuel5.1.1.mira4	python-cinder-2014.1.3-fuel5.1.1.mira4.noarch.rpm
475   	72	5.1.1	mu	ubuntu	python-libvirt	1.2.2-ubuntu1	python-libvirt_1.2.2-ubuntu1_amd64.deb
476   	73	5.1.1	mu	ubuntu	lshell	0.9.16-1	lshell_0.9.16-1_all.deb
477   	73	5.1.1	mu	centos	lshell	0.9.16-4.mira1	lshell-0.9.16-4.mira1.noarch.rpm
478   	75	5.1.1	mu	ubuntu	openstack-dashboard	2014.1.3-fuel5.1.1~mira6	openstack-dashboard_2014.1.3-fuel5.1.1~mira6_all.deb
479   	75	5.1.1	mu	centos	openstack-dashboard	2014.1.3-fuel5.1.1.mira8	openstack-dashboard-2014.1.3-fuel5.1.1.mira8.noarch.rpm
480   	75	5.1.1	mu	centos	openstack-dashboard-theme	2014.1.3-fuel5.1.1.mira8	openstack-dashboard-theme-2014.1.3-fuel5.1.1.mira8.noarch.rpm
481   	75	5.1.1	mu	ubuntu	openstack-dashboard-ubuntu-theme	2014.1.3-fuel5.1.1~mira6	openstack-dashboard-ubuntu-theme_2014.1.3-fuel5.1.1~mira6_all.deb
482   	75	5.1.1	mu	ubuntu	python-django-horizon	2014.1.3-fuel5.1.1~mira6	python-django-horizon_2014.1.3-fuel5.1.1~mira6_all.deb
483   	75	5.1.1	mu	centos	python-django-horizon	2014.1.3-fuel5.1.1.mira8	python-django-horizon-2014.1.3-fuel5.1.1.mira8.noarch.rpm
484   	75	5.1.1	mu	centos	python-django-horizon-doc	2014.1.3-fuel5.1.1.mira8	python-django-horizon-doc-2014.1.3-fuel5.1.1.mira8.noarch.rpm
485   	75	5.1.1	mu	ubuntu	python-django-openstack	2014.1.3-fuel5.1.1~mira6	python-django-openstack_2014.1.3-fuel5.1.1~mira6_all.deb
486   	77	5.1.1	mu	ubuntu	glance	2014.1.3-fuel5.1.1~mira3	glance_2014.1.3-fuel5.1.1~mira3_all.deb
487   	77	5.1.1	mu	ubuntu	glance-api	2014.1.3-fuel5.1.1~mira3	glance-api_2014.1.3-fuel5.1.1~mira3_all.deb
488   	77	5.1.1	mu	ubuntu	glance-common	2014.1.3-fuel5.1.1~mira3	glance-common_2014.1.3-fuel5.1.1~mira3_all.deb
489   	77	5.1.1	mu	ubuntu	glance-registry	2014.1.3-fuel5.1.1~mira3	glance-registry_2014.1.3-fuel5.1.1~mira3_all.deb
490   	77	5.1.1	mu	centos	openstack-glance	2014.1.3-fuel5.1.1.mira5	openstack-glance-2014.1.3-fuel5.1.1.mira5.noarch.rpm
491   	77	5.1.1	mu	centos	openstack-glance-doc	2014.1.3-fuel5.1.1.mira5	openstack-glance-doc-2014.1.3-fuel5.1.1.mira5.noarch.rpm
492   	77	5.1.1	mu	ubuntu	python-glance	2014.1.3-fuel5.1.1~mira3	python-glance_2014.1.3-fuel5.1.1~mira3_all.deb
493   	77	5.1.1	mu	centos	python-glance	2014.1.3-fuel5.1.1.mira5	python-glance-2014.1.3-fuel5.1.1.mira5.noarch.rpm
494   	77	5.1.1	mu	ubuntu	python-glance-doc	2014.1.3-fuel5.1.1~mira3	python-glance-doc_2014.1.3-fuel5.1.1~mira3_all.deb
495   	79	5.1.1	mu	ubuntu	heat-api	2014.1.3-fuel5.1.1~mira3	heat-api_2014.1.3-fuel5.1.1~mira3_all.deb
496   	79	5.1.1	mu	ubuntu	heat-api-cfn	2014.1.3-fuel5.1.1~mira3	heat-api-cfn_2014.1.3-fuel5.1.1~mira3_all.deb
497   	79	5.1.1	mu	ubuntu	heat-api-cloudwatch	2014.1.3-fuel5.1.1~mira3	heat-api-cloudwatch_2014.1.3-fuel5.1.1~mira3_all.deb
498   	79	5.1.1	mu	ubuntu	heat-common	2014.1.3-fuel5.1.1~mira3	heat-common_2014.1.3-fuel5.1.1~mira3_all.deb
499   	79	5.1.1	mu	ubuntu	heat-engine	2014.1.3-fuel5.1.1~mira3	heat-engine_2014.1.3-fuel5.1.1~mira3_all.deb
500   	79	5.1.1	mu	centos	openstack-heat-api	2014.1.3-fuel5.1.1.mira4	openstack-heat-api-2014.1.3-fuel5.1.1.mira4.noarch.rpm
501   	79	5.1.1	mu	centos	openstack-heat-api-cfn	2014.1.3-fuel5.1.1.mira4	openstack-heat-api-cfn-2014.1.3-fuel5.1.1.mira4.noarch.rpm
502   	79	5.1.1	mu	centos	openstack-heat-api-cloudwatch	2014.1.3-fuel5.1.1.mira4	openstack-heat-api-cloudwatch-2014.1.3-fuel5.1.1.mira4.noarch.rpm
503   	79	5.1.1	mu	centos	openstack-heat-common	2014.1.3-fuel5.1.1.mira4	openstack-heat-common-2014.1.3-fuel5.1.1.mira4.noarch.rpm
504   	79	5.1.1	mu	centos	openstack-heat-engine	2014.1.3-fuel5.1.1.mira4	openstack-heat-engine-2014.1.3-fuel5.1.1.mira4.noarch.rpm
505   	79	5.1.1	mu	ubuntu	python-heat	2014.1.3-fuel5.1.1~mira3	python-heat_2014.1.3-fuel5.1.1~mira3_all.deb
506   	81	5.1.1	mu	ubuntu	keystone	2014.1.3-fuel5.1.1~mira5	keystone_2014.1.3-fuel5.1.1~mira5_all.deb
507   	81	5.1.1	mu	ubuntu	keystone-doc	2014.1.3-fuel5.1.1~mira5	keystone-doc_2014.1.3-fuel5.1.1~mira5_all.deb
508   	81	5.1.1	mu	centos	openstack-keystone	2014.1.3-fuel5.1.1.mira7	openstack-keystone-2014.1.3-fuel5.1.1.mira7.noarch.rpm
509   	81	5.1.1	mu	centos	openstack-keystone-doc	2014.1.3-fuel5.1.1.mira7	openstack-keystone-doc-2014.1.3-fuel5.1.1.mira7.noarch.rpm
510   	81	5.1.1	mu	ubuntu	python-keystone	2014.1.3-fuel5.1.1~mira5	python-keystone_2014.1.3-fuel5.1.1~mira5_all.deb
511   	81	5.1.1	mu	centos	python-keystone	2014.1.3-fuel5.1.1.mira7	python-keystone-2014.1.3-fuel5.1.1.mira7.noarch.rpm
512   	83	5.1.1	mu	ubuntu	nova-ajax-console-proxy	2014.1.3-fuel5.1.1~mira8	nova-ajax-console-proxy_2014.1.3-fuel5.1.1~mira8_all.deb
513   	83	5.1.1	mu	ubuntu	nova-api	2014.1.3-fuel5.1.1~mira8	nova-api_2014.1.3-fuel5.1.1~mira8_all.deb
514   	83	5.1.1	mu	ubuntu	nova-api-ec2	2014.1.3-fuel5.1.1~mira8	nova-api-ec2_2014.1.3-fuel5.1.1~mira8_all.deb
515   	83	5.1.1	mu	ubuntu	nova-api-metadata	2014.1.3-fuel5.1.1~mira8	nova-api-metadata_2014.1.3-fuel5.1.1~mira8_all.deb
516   	83	5.1.1	mu	ubuntu	nova-api-os-compute	2014.1.3-fuel5.1.1~mira8	nova-api-os-compute_2014.1.3-fuel5.1.1~mira8_all.deb
517   	83	5.1.1	mu	ubuntu	nova-api-os-volume	2014.1.3-fuel5.1.1~mira8	nova-api-os-volume_2014.1.3-fuel5.1.1~mira8_all.deb
518   	83	5.1.1	mu	ubuntu	nova-baremetal	2014.1.3-fuel5.1.1~mira8	nova-baremetal_2014.1.3-fuel5.1.1~mira8_all.deb
519   	83	5.1.1	mu	ubuntu	nova-cells	2014.1.3-fuel5.1.1~mira8	nova-cells_2014.1.3-fuel5.1.1~mira8_all.deb
520   	83	5.1.1	mu	ubuntu	nova-cert	2014.1.3-fuel5.1.1~mira8	nova-cert_2014.1.3-fuel5.1.1~mira8_all.deb
521   	83	5.1.1	mu	ubuntu	nova-common	2014.1.3-fuel5.1.1~mira8	nova-common_2014.1.3-fuel5.1.1~mira8_all.deb
522   	83	5.1.1	mu	ubuntu	nova-compute	2014.1.3-fuel5.1.1~mira8	nova-compute_2014.1.3-fuel5.1.1~mira8_all.deb
523   	83	5.1.1	mu	ubuntu	nova-compute-kvm	2014.1.3-fuel5.1.1~mira8	nova-compute-kvm_2014.1.3-fuel5.1.1~mira8_all.deb
524   	83	5.1.1	mu	ubuntu	nova-compute-libvirt	2014.1.3-fuel5.1.1~mira8	nova-compute-libvirt_2014.1.3-fuel5.1.1~mira8_all.deb
525   	83	5.1.1	mu	ubuntu	nova-compute-lxc	2014.1.3-fuel5.1.1~mira8	nova-compute-lxc_2014.1.3-fuel5.1.1~mira8_all.deb
526   	83	5.1.1	mu	ubuntu	nova-compute-qemu	2014.1.3-fuel5.1.1~mira8	nova-compute-qemu_2014.1.3-fuel5.1.1~mira8_all.deb
527   	83	5.1.1	mu	ubuntu	nova-compute-vmware	2014.1.3-fuel5.1.1~mira8	nova-compute-vmware_2014.1.3-fuel5.1.1~mira8_all.deb
528   	83	5.1.1	mu	ubuntu	nova-compute-xen	2014.1.3-fuel5.1.1~mira8	nova-compute-xen_2014.1.3-fuel5.1.1~mira8_all.deb
529   	83	5.1.1	mu	ubuntu	nova-conductor	2014.1.3-fuel5.1.1~mira8	nova-conductor_2014.1.3-fuel5.1.1~mira8_all.deb
530   	83	5.1.1	mu	ubuntu	nova-console	2014.1.3-fuel5.1.1~mira8	nova-console_2014.1.3-fuel5.1.1~mira8_all.deb
531   	83	5.1.1	mu	ubuntu	nova-consoleauth	2014.1.3-fuel5.1.1~mira8	nova-consoleauth_2014.1.3-fuel5.1.1~mira8_all.deb
532   	83	5.1.1	mu	ubuntu	nova-doc	2014.1.3-fuel5.1.1~mira8	nova-doc_2014.1.3-fuel5.1.1~mira8_all.deb
533   	83	5.1.1	mu	ubuntu	nova-network	2014.1.3-fuel5.1.1~mira8	nova-network_2014.1.3-fuel5.1.1~mira8_all.deb
534   	83	5.1.1	mu	ubuntu	nova-novncproxy	2014.1.3-fuel5.1.1~mira8	nova-novncproxy_2014.1.3-fuel5.1.1~mira8_all.deb
535   	83	5.1.1	mu	ubuntu	nova-objectstore	2014.1.3-fuel5.1.1~mira8	nova-objectstore_2014.1.3-fuel5.1.1~mira8_all.deb
536   	83	5.1.1	mu	ubuntu	nova-scheduler	2014.1.3-fuel5.1.1~mira8	nova-scheduler_2014.1.3-fuel5.1.1~mira8_all.deb
537   	83	5.1.1	mu	ubuntu	nova-spiceproxy	2014.1.3-fuel5.1.1~mira8	nova-spiceproxy_2014.1.3-fuel5.1.1~mira8_all.deb
538   	83	5.1.1	mu	ubuntu	nova-volume	2014.1.3-fuel5.1.1~mira8	nova-volume_2014.1.3-fuel5.1.1~mira8_all.deb
539   	83	5.1.1	mu	ubuntu	nova-xvpvncproxy	2014.1.3-fuel5.1.1~mira8	nova-xvpvncproxy_2014.1.3-fuel5.1.1~mira8_all.deb
540   	83	5.1.1	mu	centos	openstack-nova	2014.1.3-fuel5.1.1.mira10	openstack-nova-2014.1.3-fuel5.1.1.mira10.noarch.rpm
541   	83	5.1.1	mu	centos	openstack-nova-api	2014.1.3-fuel5.1.1.mira10	openstack-nova-api-2014.1.3-fuel5.1.1.mira10.noarch.rpm
542   	83	5.1.1	mu	centos	openstack-nova-cells	2014.1.3-fuel5.1.1.mira10	openstack-nova-cells-2014.1.3-fuel5.1.1.mira10.noarch.rpm
543   	83	5.1.1	mu	centos	openstack-nova-cert	2014.1.3-fuel5.1.1.mira10	openstack-nova-cert-2014.1.3-fuel5.1.1.mira10.noarch.rpm
544   	83	5.1.1	mu	centos	openstack-nova-common	2014.1.3-fuel5.1.1.mira10	openstack-nova-common-2014.1.3-fuel5.1.1.mira10.noarch.rpm
545   	83	5.1.1	mu	centos	openstack-nova-compute	2014.1.3-fuel5.1.1.mira10	openstack-nova-compute-2014.1.3-fuel5.1.1.mira10.noarch.rpm
546   	83	5.1.1	mu	centos	openstack-nova-conductor	2014.1.3-fuel5.1.1.mira10	openstack-nova-conductor-2014.1.3-fuel5.1.1.mira10.noarch.rpm
547   	83	5.1.1	mu	centos	openstack-nova-console	2014.1.3-fuel5.1.1.mira10	openstack-nova-console-2014.1.3-fuel5.1.1.mira10.noarch.rpm
548   	83	5.1.1	mu	centos	openstack-nova-doc	2014.1.3-fuel5.1.1.mira10	openstack-nova-doc-2014.1.3-fuel5.1.1.mira10.noarch.rpm
549   	83	5.1.1	mu	centos	openstack-nova-network	2014.1.3-fuel5.1.1.mira10	openstack-nova-network-2014.1.3-fuel5.1.1.mira10.noarch.rpm
550   	83	5.1.1	mu	centos	openstack-nova-novncproxy	2014.1.3-fuel5.1.1.mira10	openstack-nova-novncproxy-2014.1.3-fuel5.1.1.mira10.noarch.rpm
551   	83	5.1.1	mu	centos	openstack-nova-objectstore	2014.1.3-fuel5.1.1.mira10	openstack-nova-objectstore-2014.1.3-fuel5.1.1.mira10.noarch.rpm
552   	83	5.1.1	mu	centos	openstack-nova-scheduler	2014.1.3-fuel5.1.1.mira10	openstack-nova-scheduler-2014.1.3-fuel5.1.1.mira10.noarch.rpm
553   	83	5.1.1	mu	centos	python-nova	2014.1.3-fuel5.1.1.mira10	python-nova-2014.1.3-fuel5.1.1.mira10.noarch.rpm
554   	83	5.1.1	mu	ubuntu	python-nova	2014.1.3-fuel5.1.1~mira8	python-nova_2014.1.3-fuel5.1.1~mira8_all.deb
555   	86	5.1.1	mu	centos	openstack-swift	1.13.1-fuel5.1.1.mira5	openstack-swift-1.13.1-fuel5.1.1.mira5.noarch.rpm
556   	86	5.1.1	mu	centos	openstack-swift-account	1.13.1-fuel5.1.1.mira5	openstack-swift-account-1.13.1-fuel5.1.1.mira5.noarch.rpm
557   	86	5.1.1	mu	centos	openstack-swift-container	1.13.1-fuel5.1.1.mira5	openstack-swift-container-1.13.1-fuel5.1.1.mira5.noarch.rpm
558   	86	5.1.1	mu	centos	openstack-swift-doc	1.13.1-fuel5.1.1.mira5	openstack-swift-doc-1.13.1-fuel5.1.1.mira5.noarch.rpm
559   	86	5.1.1	mu	centos	openstack-swift-object	1.13.1-fuel5.1.1.mira5	openstack-swift-object-1.13.1-fuel5.1.1.mira5.noarch.rpm
560   	86	5.1.1	mu	centos	openstack-swift-proxy	1.13.1-fuel5.1.1.mira5	openstack-swift-proxy-1.13.1-fuel5.1.1.mira5.noarch.rpm
561   	86	5.1.1	mu	ubuntu	python-swift	1.13.1-fuel5.1.1~mira9	python-swift_1.13.1-fuel5.1.1~mira9_all.deb
562   	86	5.1.1	mu	ubuntu	swift	1.13.1-fuel5.1.1~mira9	swift_1.13.1-fuel5.1.1~mira9_all.deb
563   	86	5.1.1	mu	ubuntu	swift-account	1.13.1-fuel5.1.1~mira9	swift-account_1.13.1-fuel5.1.1~mira9_all.deb
564   	86	5.1.1	mu	ubuntu	swift-container	1.13.1-fuel5.1.1~mira9	swift-container_1.13.1-fuel5.1.1~mira9_all.deb
565   	86	5.1.1	mu	ubuntu	swift-doc	1.13.1-fuel5.1.1~mira9	swift-doc_1.13.1-fuel5.1.1~mira9_all.deb
566   	86	5.1.1	mu	ubuntu	swift-object	1.13.1-fuel5.1.1~mira9	swift-object_1.13.1-fuel5.1.1~mira9_all.deb
567   	86	5.1.1	mu	ubuntu	swift-object-expirer	1.13.1-fuel5.1.1~mira9	swift-object-expirer_1.13.1-fuel5.1.1~mira9_all.deb
568   	86	5.1.1	mu	ubuntu	swift-proxy	1.13.1-fuel5.1.1~mira9	swift-proxy_1.13.1-fuel5.1.1~mira9_all.deb
569   	88	5.1.1	mu	ubuntu	python-oslo.messaging	1.3.1-fuel5.1.1~mira3	python-oslo.messaging_1.3.1-fuel5.1.1~mira3_all.deb
570   	88	5.1.1	mu	centos	python-oslo-messaging	1.3.1-fuel5.1.1.mira3	python-oslo-messaging-1.3.1-fuel5.1.1.mira3.noarch.rpm
571   	88	5.1.1	mu	centos	python-oslo-messaging-doc	1.3.1-fuel5.1.1.mira3	python-oslo-messaging-doc-1.3.1-fuel5.1.1.mira3.noarch.rpm
572   	91	5.1.1	mu	centos	ksm	2.0.0-4.mira3	ksm-2.0.0-4.mira3.x86_64.rpm
573   	91	5.1.1	mu	centos	libcacard	2.0.0-4.mira3	libcacard-2.0.0-4.mira3.x86_64.rpm
574   	91	5.1.1	mu	centos	libcacard-devel	2.0.0-4.mira3	libcacard-devel-2.0.0-4.mira3.x86_64.rpm
575   	91	5.1.1	mu	centos	libcacard-tools	2.0.0-4.mira3	libcacard-tools-2.0.0-4.mira3.x86_64.rpm
576   	91	5.1.1	mu	centos	qemu	2.0.0-4.mira3	qemu-2.0.0-4.mira3.x86_64.rpm
577   	91	5.1.1	mu	ubuntu	qemu	2.0.0+dfsg-2ubuntu1.15	qemu_2.0.0+dfsg-2ubuntu1.15_amd64.deb
578   	91	5.1.1	mu	centos	qemu-common	2.0.0-4.mira3	qemu-common-2.0.0-4.mira3.x86_64.rpm
579   	91	5.1.1	mu	ubuntu	qemu-common	2.0.0+dfsg-2ubuntu1.15	qemu-common_2.0.0+dfsg-2ubuntu1.15_all.deb
580   	91	5.1.1	mu	centos	qemu-guest-agent	2.0.0-4.mira3	qemu-guest-agent-2.0.0-4.mira3.x86_64.rpm
581   	91	5.1.1	mu	ubuntu	qemu-guest-agent	2.0.0+dfsg-2ubuntu1.15	qemu-guest-agent_2.0.0+dfsg-2ubuntu1.15_amd64.deb
582   	91	5.1.1	mu	centos	qemu-img	2.0.0-4.mira3	qemu-img-2.0.0-4.mira3.x86_64.rpm
583   	91	5.1.1	mu	ubuntu	qemu-keymaps	2.0.0+dfsg-2ubuntu1.15	qemu-keymaps_2.0.0+dfsg-2ubuntu1.15_all.deb
584   	91	5.1.1	mu	centos	qemu-kvm	2.0.0-4.mira3	qemu-kvm-2.0.0-4.mira3.x86_64.rpm
585   	91	5.1.1	mu	ubuntu	qemu-kvm	2.0.0+dfsg-2ubuntu1.15	qemu-kvm_2.0.0+dfsg-2ubuntu1.15_amd64.deb
586   	91	5.1.1	mu	centos	qemu-kvm-tools	2.0.0-4.mira3	qemu-kvm-tools-2.0.0-4.mira3.x86_64.rpm
587   	91	5.1.1	mu	ubuntu	qemu-system	2.0.0+dfsg-2ubuntu1.15	qemu-system_2.0.0+dfsg-2ubuntu1.15_amd64.deb
588   	91	5.1.1	mu	ubuntu	qemu-system-arm	2.0.0+dfsg-2ubuntu1.15	qemu-system-arm_2.0.0+dfsg-2ubuntu1.15_amd64.deb
589   	91	5.1.1	mu	ubuntu	qemu-system-common	2.0.0+dfsg-2ubuntu1.15	qemu-system-common_2.0.0+dfsg-2ubuntu1.15_amd64.deb
590   	91	5.1.1	mu	ubuntu	qemu-system-mips	2.0.0+dfsg-2ubuntu1.15	qemu-system-mips_2.0.0+dfsg-2ubuntu1.15_amd64.deb
591   	91	5.1.1	mu	ubuntu	qemu-system-misc	2.0.0+dfsg-2ubuntu1.15	qemu-system-misc_2.0.0+dfsg-2ubuntu1.15_amd64.deb
592   	91	5.1.1	mu	ubuntu	qemu-system-ppc	2.0.0+dfsg-2ubuntu1.15	qemu-system-ppc_2.0.0+dfsg-2ubuntu1.15_amd64.deb
593   	91	5.1.1	mu	ubuntu	qemu-system-sparc	2.0.0+dfsg-2ubuntu1.15	qemu-system-sparc_2.0.0+dfsg-2ubuntu1.15_amd64.deb
594   	91	5.1.1	mu	ubuntu	qemu-system-x86	2.0.0+dfsg-2ubuntu1.15	qemu-system-x86_2.0.0+dfsg-2ubuntu1.15_amd64.deb
595   	91	5.1.1	mu	ubuntu	qemu-user	2.0.0+dfsg-2ubuntu1.15	qemu-user_2.0.0+dfsg-2ubuntu1.15_amd64.deb
596   	91	5.1.1	mu	ubuntu	qemu-user-static	2.0.0+dfsg-2ubuntu1.15	qemu-user-static_2.0.0+dfsg-2ubuntu1.15_amd64.deb
597   	91	5.1.1	mu	ubuntu	qemu-utils	2.0.0+dfsg-2ubuntu1.15	qemu-utils_2.0.0+dfsg-2ubuntu1.15_amd64.deb
